Service,Country,Position,Rank,Agent_IDs,Original_USD,Converted_PKR,Final_PKR
IMO messenger,South Africa,3|0.919,3,"2579,3160,3168,3330,3370",0.919000,257.32,321.65
IMO messenger,South Africa,3|0.006,3,"2649,3155",0.006000,1.68,2.52
IMO messenger,South Africa,3|0.004,3,2750,0.004000,1.12,1.68
IMO messenger,South Africa,3|0.118,3,3001,0.118000,33.04,49.56
IMO messenger,South Africa,3|0.008,3,3237,0.008000,2.24,3.36
IMO messenger,South Africa,3|0.135,3,"3335,3393",0.135000,37.80,56.70
IMO messenger,India,3|0.502,3,"2579,3160,3193,3309,3330,3370,3393,3406",0.502000,140.56,175.70
IMO messenger,India,3|0.016,3,2750,0.016000,4.48,6.72
IMO messenger,India,3|0.054,3,2805,0.054000,15.12,22.68
IMO messenger,India,3|0.118,3,3001,0.118000,33.04,49.56
IMO messenger,India,3|0.027,3,"3335,3371",0.027000,7.56,11.34
IMO messenger,Pakistan,3|0.502,3,"2579,3160,3193,3370,3371,3393",0.502000,140.56,175.70
IMO messenger,Pakistan,3|0.118,3,3001,0.118000,33.04,49.56
IMO messenger,Pakistan,3|0.05,3,3168,0.050000,14.00,21.00
IMO messenger,Pakistan,3|0.107,3,"3309,3335",0.107000,29.96,44.94
IMO messenger,Bangladesh,3|0.502,3,"2579,3160,3370,3393",0.502000,140.56,175.70
IMO messenger,Bangladesh,3|0.118,3,3001,0.118000,33.04,49.56
IMO messenger,Bangladesh,3|0.1,3,3168,0.100000,28.00,42.00
IMO messenger,Bangladesh,3|0.208,3,"3309,3371",0.208000,58.24,81.54
IMO messenger,Zambia,3|0.502,3,"2579,3160,3193,3309,3370,3393",0.502000,140.56,175.70
IMO messenger,Zambia,3|0.108,3,2750,0.108000,30.24,45.36
IMO messenger,Zambia,3|0.118,3,3001,0.118000,33.04,49.56
IMO messenger,Zambia,3|0.168,3,"3371,3418",0.168000,47.04,70.56
IMO messenger,Namibia,3|0.502,3,"2579,3370",0.502000,140.56,175.70
IMO messenger,Namibia,3|0.118,3,3001,0.118000,33.04,49.56
IMO messenger,Papua new gvineya,3|0.118,3,3001,0.118000,33.04,49.56
IMO messenger,Papua new gvineya,3|0.502,3,3370,0.502000,140.56,175.70
IMO messenger,Algeria,3|0.502,3,"2579,3160,3193,3309,3330,3370,3371,3393",0.502000,140.56,175.70
IMO messenger,Algeria,3|0.108,3,2750,0.108000,30.24,45.36
IMO messenger,Algeria,3|0.118,3,3001,0.118000,33.04,49.56
IMO messenger,Ethiopia,3|0.502,3,"2579,3193,3309,3370",0.502000,140.56,175.70
IMO messenger,Ethiopia,3|0.076,3,2750,0.076000,21.28,31.92
IMO messenger,Ethiopia,3|0.118,3,3001,0.118000,33.04,49.56
IMO messenger,Ethiopia,3|0.059,3,3168,0.059000,16.52,24.78
IMO messenger,Ethiopia,3|0.185,3,3371,0.185000,51.80,72.52
IMO messenger,Ethiopia,3|0.163,3,3393,0.163000,45.64,68.46
IMO messenger,Mozambique,3|0.502,3,"2579,3370",0.502000,140.56,175.70
IMO messenger,Mozambique,3|0.118,3,3001,0.118000,33.04,49.56
IMO messenger,Angola,3|0.502,3,"2579,2750,3160,3193,3309,3370,3393",0.502000,140.56,175.70
IMO messenger,Angola,3|0.118,3,3001,0.118000,33.04,49.56
IMO messenger,Angola,3|0.366,3,3371,0.366000,102.48,128.10
IMO messenger,Ukraine,3|0.266,3,2263,0.266000,74.48,104.27
IMO messenger,Ukraine,3|0.502,3,"2579,2750,3193,3330,3370",0.502000,140.56,175.70
IMO messenger,Ukraine,3|0.478,3,2738,0.478000,133.84,167.30
IMO messenger,Ukraine,3|0.118,3,3001,0.118000,33.04,49.56
IMO messenger,Ukraine,3|0.031,3,3168,0.031000,8.68,13.02
IMO messenger,Ukraine,3|0.038,3,"3309,3328,3335,3418",0.038000,10.64,15.96
IMO messenger,Ukraine,3|0.067,3,3340,0.067000,18.76,28.14
IMO messenger,Ukraine,3|0.214,3,3371,0.214000,59.92,83.89
IMO messenger,Ukraine,3|0.107,3,3393,0.107000,29.96,44.94
IMO messenger,Egypt,3|0.502,3,"2579,3160,3193,3330,3370",0.502000,140.56,175.70
IMO messenger,Egypt,3|0.108,3,2750,0.108000,30.24,45.36
IMO messenger,Egypt,3|0.118,3,3001,0.118000,33.04,49.56
IMO messenger,Egypt,3|0.376,3,"3168,3309,3340,3393",0.376000,105.28,131.60
IMO messenger,Egypt,3|0.178,3,3335,0.178000,49.84,74.76
IMO messenger,Brazil,3|0.235,3,2263,0.235000,65.80,92.12
IMO messenger,Brazil,3|0.018,3,"2404,3229",0.018000,5.04,7.56
IMO messenger,Brazil,3|0.502,3,"2579,2750,3160,3193,3309,3365,3370,3398,3406",0.502000,140.56,175.70
IMO messenger,Brazil,3|0.431,3,2738,0.431000,120.68,150.85
IMO messenger,Brazil,3|0.1,3,2739,0.100000,28.00,42.00
IMO messenger,Brazil,3|0.144,3,2906,0.144000,40.32,60.48
IMO messenger,Brazil,2|0.035,2,2951,0.035000,9.80,14.70
IMO messenger,Brazil,3|0.118,3,"3001,3412,3413",0.118000,33.04,49.56
IMO messenger,Brazil,3|0.004,3,"3104,3246",0.004000,1.12,1.68
IMO messenger,Brazil,3|0.227,3,3215,0.227000,63.56,88.98
IMO messenger,Brazil,3|0.008,3,3237,0.008000,2.24,3.36
IMO messenger,Brazil,3|0.093,3,3252,0.093000,26.04,39.06
IMO messenger,Brazil,3|0.138,3,3264,0.138000,38.64,57.96
IMO messenger,Brazil,3|0.007,3,3287,0.007000,1.96,2.94
IMO messenger,Brazil,3|0.324,3,3335,0.324000,90.72,127.01
IMO messenger,Brazil,3|0.108,3,3367,0.108000,30.24,45.36
IMO messenger,Brazil,3|0.308,3,3371,0.308000,86.24,120.74
IMO messenger,Brazil,3|0.306,3,3393,0.306000,85.68,119.95
IMO messenger,Brazil,3|0.039,3,3415,0.039000,10.92,16.38
IMO messenger,Brazil,3|0.135,3,3416,0.135000,37.80,56.70
IMO messenger,Haiti,3|0.231,3,"2579,2750,3193,3330",0.231000,64.68,90.55
IMO messenger,Haiti,3|0.118,3,3001,0.118000,33.04,49.56
IMO messenger,Iran,3|0.231,3,"2579,3168,3309,3330,3370,3371,3393",0.231000,64.68,90.55
IMO messenger,Iran,3|0.118,3,3001,0.118000,33.04,49.56
IMO messenger,Peru ,3|0.502,3,"2579,2750,3160,3193,3370",0.502000,140.56,175.70
IMO messenger,Peru ,3|0.118,3,3001,0.118000,33.04,49.56
IMO messenger,Peru ,3|0.376,3,3168,0.376000,105.28,131.60
IMO messenger,Viet nam,3|0.502,3,"2579,2750,3193",0.502000,140.56,175.70
IMO messenger,Viet nam,3|0.118,3,3001,0.118000,33.04,49.56
IMO messenger,Viet nam,3|0.07,3,3160,0.070000,19.60,29.40
IMO messenger,Viet nam,3|0.103,3,3335,0.103000,28.84,43.26
IMO messenger,Viet nam,3|0.267,3,"3393,3421",0.267000,74.76,104.66
IMO messenger,Zimbabwe,3|0.502,3,"2579,3160,3370",0.502000,140.56,175.70
IMO messenger,Zimbabwe,3|0.118,3,3001,0.118000,33.04,49.56
IMO messenger,Nepal,3|0.502,3,"2579,3193,3370",0.502000,140.56,175.70
IMO messenger,Nepal,3|0.118,3,3001,0.118000,33.04,49.56
IMO messenger,Uzbekistan,3|0.502,3,"2579,3160,3193,3309,3330,3370,3393",0.502000,140.56,175.70
IMO messenger,Uzbekistan,3|0.118,3,3001,0.118000,33.04,49.56
IMO messenger,Uzbekistan,3|0.376,3,3168,0.376000,105.28,131.60
IMO messenger,Uzbekistan,3|0.067,3,3335,0.067000,18.76,28.14
IMO messenger,Uzbekistan,3|0.358,3,3371,0.358000,100.24,125.30
IMO messenger,Nigeria,3|0.132,3,"2750,3160,3193,3309,3330,3370,3393",0.132000,36.96,55.44
IMO messenger,Nigeria,3|0.118,3,3001,0.118000,33.04,49.56
IMO messenger,Nigeria,3|0.099,3,3168,0.099000,27.72,41.58
IMO messenger,Nigeria,3|0.046,3,3237,0.046000,12.88,19.32
IMO messenger,Nigeria,3|0.124,3,3335,0.124000,34.72,52.08
IMO messenger,Swaziland,3|0.118,3,3001,0.118000,33.04,49.56
IMO messenger,Swaziland,3|0.502,3,"3309,3370,3393",0.502000,140.56,175.70
IMO messenger,Congo (Dem. Republic),3|0.502,3,"2750,3160,3330,3370",0.502000,140.56,175.70
IMO messenger,Congo (Dem. Republic),3|0.118,3,3001,0.118000,33.04,49.56
IMO messenger,France,3|0.072,3,2263,0.072000,20.16,30.24
IMO messenger,France,3|0.502,3,"2442,2579,3160,3193,3309,3370,3393,3394",0.502000,140.56,175.70
IMO messenger,France,3|0.096,3,2738,0.096000,26.88,40.32
IMO messenger,France,3|0.082,3,2739,0.082000,22.96,34.44
IMO messenger,France,3|0.05,3,2750,0.050000,14.00,21.00
IMO messenger,France,3|0.118,3,3001,0.118000,33.04,49.56
IMO messenger,France,3|0.376,3,3168,0.376000,105.28,131.60
IMO messenger,France,2|0.04,2,3237,0.040000,11.20,16.80
IMO messenger,France,3|0.02,3,3270,0.020000,5.60,8.40
IMO messenger,France,3|0.052,3,"3329,3335,3418",0.052000,14.56,21.84
IMO messenger,France,3|0.103,3,3371,0.103000,28.84,43.26
IMO messenger,France,3|0.134,3,"3389,3403",0.134000,37.52,56.28
IMO messenger,France,3|0.124,3,3414,0.124000,34.72,52.08
IMO messenger,Botswana,3|0.502,3,"2579,3160,3370",0.502000,140.56,175.70
IMO messenger,Botswana,3|0.118,3,3001,0.118000,33.04,49.56
IMO messenger,Mexico,3|0.502,3,"2579,2750,3193,3330,3370",0.502000,140.56,175.70
IMO messenger,Mexico,3|0.118,3,3001,0.118000,33.04,49.56
IMO messenger,Mexico,3|0.011,3,3160,0.011000,3.08,4.62
IMO messenger,Mexico,3|0.126,3,3237,0.126000,35.28,52.92
IMO messenger,Mexico,3|0.4,3,3414,0.400000,112.00,140.00
IMO messenger,Tanzania,3|0.231,3,"2579,2750,3160,3193,3330",0.231000,64.68,90.55
IMO messenger,Tanzania,3|0.118,3,3001,0.118000,33.04,49.56
IMO messenger,Tanzania,3|0.131,3,3168,0.131000,36.68,55.02
IMO messenger,Sri Lanka,3|0.502,3,"2579,3193,3370",0.502000,140.56,175.70
IMO messenger,Sri Lanka,3|0.118,3,3001,0.118000,33.04,49.56
IMO messenger,Sri Lanka,3|0.076,3,3168,0.076000,21.28,31.92
IMO messenger,Honduras,3|0.502,3,"2579,2750,3160,3193,3370",0.502000,140.56,175.70
IMO messenger,Honduras,3|0.118,3,3001,0.118000,33.04,49.56
IMO messenger,Argentinas,3|0.068,3,2263,0.068000,19.04,28.56
IMO messenger,Argentinas,3|0.051,3,"2556,2739,3056",0.051000,14.28,21.42
IMO messenger,Argentinas,3|0.502,3,"2579,2750,3160,3193,3303",0.502000,140.56,175.70
IMO messenger,Argentinas,3|0.093,3,2738,0.093000,26.04,39.06
IMO messenger,Argentinas,3|0.118,3,3001,0.118000,33.04,49.56
IMO messenger,Argentinas,3|0.064,3,3232,0.064000,17.92,26.88
IMO messenger,Argentinas,3|0.228,3,3233,0.228000,63.84,89.38
IMO messenger,Argentinas,3|0.076,3,3237,0.076000,21.28,31.92
IMO messenger,Argentinas,3|0.178,3,3335,0.178000,49.84,74.76
IMO messenger,Argentinas,3|0.167,3,3393,0.167000,46.76,70.14
IMO messenger,Myanmar,3|0.502,3,"2579,3193,3309,3330,3370,3371,3393",0.502000,140.56,175.70
IMO messenger,Myanmar,3|0.118,3,3001,0.118000,33.04,49.56
IMO messenger,Myanmar,3|0.04,3,3160,0.040000,11.20,16.80
IMO messenger,Myanmar,3|0.178,3,3335,0.178000,49.84,74.76
IMO messenger,Tunisia,3|0.502,3,"2579,2750,3370",0.502000,140.56,175.70
IMO messenger,Tunisia,3|0.118,3,3001,0.118000,33.04,49.56
IMO messenger,Tunisia,3|0.054,3,3160,0.054000,15.12,22.68
IMO messenger,Timor-Leste,3|0.118,3,3001,0.118000,33.04,49.56
IMO messenger,Timor-Leste,3|0.502,3,"3160,3370",0.502000,140.56,175.70
IMO messenger,Lesotho,3|0.502,3,"2579,3370",0.502000,140.56,175.70
IMO messenger,Lesotho,3|0.118,3,3001,0.118000,33.04,49.56
IMO messenger,Ecuador,3|0.502,3,"2579,2750,3160,3193,3309,3370,3371,3393",0.502000,140.56,175.70
IMO messenger,Ecuador,3|0.118,3,3001,0.118000,33.04,49.56
IMO messenger,El Salvador,3|0.502,3,"2579,2750,3370",0.502000,140.56,175.70
IMO messenger,El Salvador,3|0.118,3,3001,0.118000,33.04,49.56
IMO messenger,El Salvador,3|0.178,3,3335,0.178000,49.84,74.76
IMO messenger,Morocco,3|0.1,3,2263,0.100000,28.00,42.00
IMO messenger,Morocco,3|0.188,3,"2579,2750,3193,3330,3370",0.188000,52.64,73.70
IMO messenger,Morocco,3|0.134,3,2738,0.134000,37.52,56.28
IMO messenger,Morocco,3|0.118,3,3001,0.118000,33.04,49.56
IMO messenger,Morocco,3|0.131,3,"3160,3340",0.131000,36.68,55.02
IMO messenger,Morocco,3|0.008,3,3237,0.008000,2.24,3.36
IMO messenger,Morocco,3|0.08,3,3309,0.080000,22.40,33.60
IMO messenger,Morocco,3|0.178,3,"3335,3393",0.178000,49.84,74.76
IMO messenger,Uganda,3|0.502,3,"2579,2750,3193,3309,3370,3371,3393",0.502000,140.56,175.70
IMO messenger,Uganda,3|0.118,3,3001,0.118000,33.04,49.56
IMO messenger,Malawi,3|0.502,3,"2579,2750,3193,3309,3370,3371,3393",0.502000,140.56,175.70
IMO messenger,Malawi,3|0.118,3,3001,0.118000,33.04,49.56
IMO messenger,Ghana,3|0.502,3,"2579,2750,3160,3193,3309,3330,3370,3393",0.502000,140.56,175.70
IMO messenger,Ghana,3|0.118,3,3001,0.118000,33.04,49.56
IMO messenger,Ghana,3|0.106,3,3335,0.106000,29.68,44.52
IMO messenger,Kenya,3|0.039,3,"2263,3340",0.039000,10.92,16.38
IMO messenger,Kenya,3|0.502,3,"2579,3160,3168,3193,3309,3330,3370,3393",0.502000,140.56,175.70
IMO messenger,Kenya,3|0.052,3,2738,0.052000,14.56,21.84
IMO messenger,Kenya,3|0.047,3,2750,0.047000,13.16,19.74
IMO messenger,Kenya,3|0.118,3,3001,0.118000,33.04,49.56
IMO messenger,Kenya,3|0.012,3,3237,0.012000,3.36,5.04
IMO messenger,Kenya,3|0.045,3,3335,0.045000,12.60,18.90
IMO messenger,Panama,3|0.502,3,"2579,2750,3193,3370",0.502000,140.56,175.70
IMO messenger,Panama,3|0.118,3,3001,0.118000,33.04,49.56
IMO messenger,Jamaica,3|0.502,3,"2579,3370",0.502000,140.56,175.70
IMO messenger,Jamaica,3|0.118,3,3001,0.118000,33.04,49.56
IMO messenger,Venezuela,3|0.142,3,"2579,2750,3160,3193,3309,3370,3371,3393",0.142000,39.76,59.64
IMO messenger,Venezuela,3|0.118,3,3001,0.118000,33.04,49.56
IMO messenger,Kazakhstan,3|0.171,3,"2263,3328",0.171000,47.88,71.82
IMO messenger,Kazakhstan,3|0.502,3,"2579,3193,3309,3330,3370,3393",0.502000,140.56,175.70
IMO messenger,Kazakhstan,3|0.228,3,2738,0.228000,63.84,89.38
IMO messenger,Kazakhstan,3|0.034,3,2750,0.034000,9.52,14.28
IMO messenger,Kazakhstan,3|0.118,3,3001,0.118000,33.04,49.56
IMO messenger,Kazakhstan,3|0.04,3,3168,0.040000,11.20,16.80
IMO messenger,Kazakhstan,3|0.251,3,3335,0.251000,70.28,98.39
IMO messenger,Kazakhstan,3|0.082,3,3371,0.082000,22.96,34.44
IMO messenger,Kazakhstan,3|0.335,3,3421,0.335000,93.80,131.32
IMO messenger,Colombia,3|0.219,3,"2236,3340",0.219000,61.32,85.85
IMO messenger,Colombia,3|0.244,3,"2286,2579,2750,3160,3193,3330,3370,3406",0.244000,68.32,95.65
IMO messenger,Colombia,3|0.118,3,3001,0.118000,33.04,49.56
IMO messenger,Colombia,3|0.008,3,3237,0.008000,2.24,3.36
IMO messenger,Colombia,3|0.026,3,3288,0.026000,7.28,10.92
IMO messenger,Colombia,3|0.23,3,3335,0.230000,64.40,90.16
IMO messenger,Paraguay,3|0.502,3,"2579,2750,3160,3193,3309,3370,3393",0.502000,140.56,175.70
IMO messenger,Paraguay,3|0.118,3,3001,0.118000,33.04,49.56
IMO messenger,Paraguay,3|0.046,3,3371,0.046000,12.88,19.32
IMO messenger,Paraguay,3|0.4,3,3418,0.400000,112.00,140.00
IMO messenger,Turkey,3|0.13,3,"2750,3160,3193,3309,3329,3370,3371,3393,3406",0.130000,36.40,54.60
IMO messenger,Turkey,3|0.118,3,3001,0.118000,33.04,49.56
IMO messenger,Kyrgyzstan,3|0.502,3,"2579,2750,3193,3309,3330,3370,3393",0.502000,140.56,175.70
IMO messenger,Kyrgyzstan,3|0.118,3,3001,0.118000,33.04,49.56
IMO messenger,Kyrgyzstan,3|0.022,3,3371,0.022000,6.16,9.24
IMO messenger,Jordan,3|0.502,3,"2579,3168,3193,3370",0.502000,140.56,175.70
IMO messenger,Jordan,3|0.118,3,3001,0.118000,33.04,49.56
IMO messenger,Cameroon,3|0.142,3,"2263,2709",0.142000,39.76,59.64
IMO messenger,Cameroon,3|0.188,3,"2579,2738,2739,2750,3193,3330,3370",0.188000,52.64,73.70
IMO messenger,Cameroon,3|0.118,3,3001,0.118000,33.04,49.56
IMO messenger,Cameroon,3|0.079,3,3160,0.079000,22.12,33.18
IMO messenger,Cameroon,3|0.01,3,3168,0.010000,2.80,4.20
IMO messenger,Cameroon,3|0.011,3,3237,0.011000,3.08,4.62
IMO messenger,Cameroon,3|0.178,3,3335,0.178000,49.84,74.76
IMO messenger,Israel,3|1.25,3,"2263,2579,2738,3193,3330",1.250000,350.00,437.50
IMO messenger,Israel,3|0.118,3,3001,0.118000,33.04,49.56
IMO messenger,Israel,3|0.107,3,3168,0.107000,29.96,44.94
IMO messenger,Cote d`Ivoire Ivory Coast,3|0.132,3,"32,2750,3330,3370",0.132000,36.96,55.44
IMO messenger,Cote d`Ivoire Ivory Coast,3|0.118,3,3001,0.118000,33.04,49.56
IMO messenger,Cote d`Ivoire Ivory Coast,3|0.099,3,3168,0.099000,27.72,41.58
IMO messenger,Belarus,3|0.231,3,"2579,2750,3330",0.231000,64.68,90.55
IMO messenger,Belarus,3|0.118,3,3001,0.118000,33.04,49.56
IMO messenger,Belarus,3|0.208,3,3168,0.208000,58.24,81.54
IMO messenger,Bulgaria,3|0.134,3,"2750,3193,3309,3370,3371,3393",0.134000,37.52,56.28
IMO messenger,Bulgaria,3|0.118,3,3001,0.118000,33.04,49.56
IMO messenger,Bulgaria,3|0.131,3,3237,0.131000,36.68,55.02
IMO messenger,Bulgaria,3|0.132,3,3335,0.132000,36.96,55.44
IMO messenger,Libya,3|0.118,3,3001,0.118000,33.04,49.56
IMO messenger,Mauritius,3|0.502,3,"2579,3370",0.502000,140.56,175.70
IMO messenger,Mauritius,3|0.118,3,3001,0.118000,33.04,49.56
IMO messenger,Turkmenistan,3|0.502,3,"2579,3370",0.502000,140.56,175.70
IMO messenger,Turkmenistan,3|0.118,3,3001,0.118000,33.04,49.56
IMO messenger,Azerbaijan,3|0.231,3,"2579,3193,3330",0.231000,64.68,90.55
IMO messenger,Azerbaijan,3|0.118,3,3001,0.118000,33.04,49.56
IMO messenger,Mali,3|0.502,3,"2579,3193,3370,3393",0.502000,140.56,175.70
IMO messenger,Mali,3|0.108,3,2750,0.108000,30.24,45.36
IMO messenger,Mali,3|0.118,3,3001,0.118000,33.04,49.56
IMO messenger,Mali,3|0.08,3,3168,0.080000,22.40,33.60
IMO messenger,Mali,3|0.022,3,3309,0.022000,6.16,9.24
IMO messenger,Mali,3|0.038,3,3371,0.038000,10.64,15.96
IMO messenger,Rwanda,3|0.502,3,"2579,3370",0.502000,140.56,175.70
IMO messenger,Rwanda,3|0.118,3,3001,0.118000,33.04,49.56
IMO messenger,Gabon,3|0.502,3,"2579,2750,3160,3193,3309,3370,3393",0.502000,140.56,175.70
IMO messenger,Gabon,3|0.118,3,3001,0.118000,33.04,49.56
IMO messenger,Gabon,3|0.168,3,3371,0.168000,47.04,70.56
IMO messenger,Sudan,3|0.231,3,"2750,3193,3309,3370,3371,3393",0.231000,64.68,90.55
IMO messenger,Sudan,3|0.118,3,3001,0.118000,33.04,49.56
IMO messenger,Sudan,3|0.174,3,3168,0.174000,48.72,73.08
IMO messenger,Spain,3|0.132,3,2263,0.132000,36.96,55.44
IMO messenger,Spain,3|0.19,3,2738,0.190000,53.20,74.48
IMO messenger,Spain,1|0.131,1,2739,0.131000,36.68,55.02
IMO messenger,Spain,3|0.231,3,"2750,3160,3193,3309,3330,3370,3371,3393",0.231000,64.68,90.55
IMO messenger,Spain,3|0.118,3,3001,0.118000,33.04,49.56
IMO messenger,Spain,3|0.174,3,3296,0.174000,48.72,73.08
IMO messenger,Spain,3|0.119,3,3329,0.119000,33.32,49.98
IMO messenger,Nicaragua,3|0.502,3,"2579,2750,3193,3370",0.502000,140.56,175.70
IMO messenger,Nicaragua,3|0.118,3,3001,0.118000,33.04,49.56
IMO messenger,"Moldova, Republic of",3|0.231,3,"2579,2738,2750,3193",0.231000,64.68,90.55
IMO messenger,"Moldova, Republic of",1|0.118,1,3001,0.118000,33.04,49.56
IMO messenger,"Moldova, Republic of",1|0.078,1,3239,0.078000,21.84,32.76
IMO messenger,United States,3|0.067,3,2263,0.067000,18.76,28.14
IMO messenger,United States,3|0.08,3,2495,0.080000,22.40,33.60
IMO messenger,United States,3|0.164,3,"2617,3370",0.164000,45.92,68.88
IMO messenger,United States,3|0.09,3,2738,0.090000,25.20,37.80
IMO messenger,United States,3|0.118,3,3001,0.118000,33.04,49.56
IMO messenger,United States,3|0.112,3,3193,0.112000,31.36,47.04
IMO messenger,United States,3|0.042,3,3196,0.042000,11.76,17.64
IMO messenger,United States,3|0.015,3,3237,0.015000,4.20,6.30
IMO messenger,Saudi Arabia,3|0.031,3,2377,0.031000,8.68,13.02
IMO messenger,Saudi Arabia,3|0.502,3,"2579,3160,3193,3330,3370",0.502000,140.56,175.70
IMO messenger,Saudi Arabia,3|0.118,3,3001,0.118000,33.04,49.56
IMO messenger,Thailand,3|0.351,3,"2750,3160,3193,3309,3330,3340,3370",0.351000,98.28,137.59
IMO messenger,Thailand,3|0.118,3,3001,0.118000,33.04,49.56
IMO messenger,Thailand,3|0.016,3,3237,0.016000,4.48,6.72
IMO messenger,Benin,3|0.502,3,"2579,2750,3193,3309,3370,3393",0.502000,140.56,175.70
IMO messenger,Benin,3|0.118,3,3001,0.118000,33.04,49.56
IMO messenger,Benin,3|0.366,3,3371,0.366000,102.48,128.10
IMO messenger,Costa Rica,3|0.502,3,"2579,3370",0.502000,140.56,175.70
IMO messenger,Costa Rica,3|0.118,3,3001,0.118000,33.04,49.56
IMO messenger,Burkina Faso,3|0.502,3,"2579,2750,3370",0.502000,140.56,175.70
IMO messenger,Burkina Faso,3|0.118,3,3001,0.118000,33.04,49.56
IMO messenger,Qatar,3|0.502,3,"2579,3370",0.502000,140.56,175.70
IMO messenger,Qatar,3|0.118,3,3001,0.118000,33.04,49.56
IMO messenger,Belgium,3|0.244,3,"2750,3160,3193,3370,3371,3393",0.244000,68.32,95.65
IMO messenger,Belgium,2|0.118,2,3001,0.118000,33.04,49.56
IMO messenger,United Kingdom,3|0.034,3,2263,0.034000,9.52,14.28
IMO messenger,United Kingdom,3|0.012,3,2295,0.012000,3.36,5.04
IMO messenger,United Kingdom,3|0.078,3,2442,0.078000,21.84,32.76
IMO messenger,United Kingdom,3|0.502,3,"2579,2750,3160,3193,3330,3368,3370,3406",0.502000,140.56,175.70
IMO messenger,United Kingdom,3|0.04,3,"2738,3371,3393",0.040000,11.20,16.80
IMO messenger,United Kingdom,3|0.156,3,2739,0.156000,43.68,65.52
IMO messenger,United Kingdom,3|0.118,3,3001,0.118000,33.04,49.56
IMO messenger,United Kingdom,3|0.014,3,3212,0.014000,3.92,5.88
IMO messenger,United Kingdom,3|0.008,3,3237,0.008000,2.24,3.36
IMO messenger,United Kingdom,3|0.023,3,"3309,3328,3329",0.023000,6.44,9.66
IMO messenger,United Kingdom,3|0.048,3,3335,0.048000,13.44,20.16
IMO messenger,United Kingdom,3|0.246,3,3397,0.246000,68.88,96.43
IMO messenger,Reunion,3|0.502,3,"2579,3309,3370,3371,3393",0.502000,140.56,175.70
IMO messenger,Reunion,3|0.118,3,3001,0.118000,33.04,49.56
IMO messenger,Oman,3|0.502,3,"2579,3370",0.502000,140.56,175.70
IMO messenger,Oman,3|0.118,3,3001,0.118000,33.04,49.56
IMO messenger,Congo,3|0.118,3,3001,0.118000,33.04,49.56
IMO messenger,Congo,3|0.502,3,3370,0.502000,140.56,175.70
IMO messenger,Yemen,3|0.004,3,2377,0.004000,1.12,1.68
IMO messenger,Yemen,3|0.502,3,"2579,3193,3309,3330,3370,3371,3393",0.502000,140.56,175.70
IMO messenger,Yemen,3|0.118,3,3001,0.118000,33.04,49.56
IMO messenger,Uruguay,3|0.118,3,3001,0.118000,33.04,49.56
IMO messenger,Uruguay,3|0.188,3,3370,0.188000,52.64,73.70
IMO messenger,Iraq,3|0.502,3,"2579,3168,3193,3309,3330,3370,3393",0.502000,140.56,175.70
IMO messenger,Iraq,3|0.118,3,3001,0.118000,33.04,49.56
IMO messenger,Iraq,3|0.267,3,3371,0.267000,74.76,104.66
IMO messenger,Senegal,3|0.502,3,"2579,2750,3193,3309,3370,3371,3393",0.502000,140.56,175.70
IMO messenger,Senegal,3|0.118,3,3001,0.118000,33.04,49.56
IMO messenger,Germany,3|0.271,3,2263,0.271000,75.88,106.23
IMO messenger,Germany,3|0.919,3,"2442,2579,2750,3160,3193,3309,3330",0.919000,257.32,321.65
IMO messenger,Germany,3|0.503,3,2738,0.503000,140.84,176.05
IMO messenger,Germany,3|0.146,3,2739,0.146000,40.88,61.32
IMO messenger,Germany,3|0.118,3,3001,0.118000,33.04,49.56
IMO messenger,Germany,3|0.334,3,3087,0.334000,93.52,130.93
IMO messenger,Germany,3|0.107,3,3329,0.107000,29.96,44.94
IMO messenger,Germany,3|0.563,3,3394,0.563000,157.64,197.05
IMO messenger,Lao People`s,3|0.231,3,"2579,3193,3330",0.231000,64.68,90.55
IMO messenger,Lao People`s,3|0.118,3,3001,0.118000,33.04,49.56
IMO messenger,Poland,3|0.69,3,1015,0.690000,193.20,241.50
IMO messenger,Poland,1|0.919,1,2260,0.919000,257.32,321.65
IMO messenger,Poland,3|0.136,3,2263,0.136000,38.08,57.12
IMO messenger,Poland,3|0.016,3,2284,0.016000,4.48,6.72
IMO messenger,Poland,3|0.02,3,2295,0.020000,5.60,8.40
IMO messenger,Poland,3|0.919,3,"2442,2579,3193,3330,3370,3393",0.919000,257.32,321.65
IMO messenger,Poland,3|0.602,3,2738,0.602000,168.56,210.70
IMO messenger,Poland,3|0.023,3,"2739,3237,3309,3328,3418",0.023000,6.44,9.66
IMO messenger,Poland,1|0.118,1,3001,0.118000,33.04,49.56
IMO messenger,Poland,3|0.334,3,3087,0.334000,93.52,130.93
IMO messenger,Poland,3|0.123,3,3160,0.123000,34.44,51.66
IMO messenger,Poland,3|0.028,3,3335,0.028000,7.84,11.76
IMO messenger,Togo,3|0.502,3,"2579,2750,3160,3193,3309,3370,3393",0.502000,140.56,175.70
IMO messenger,Togo,3|0.118,3,3001,0.118000,33.04,49.56
IMO messenger,Togo,3|0.084,3,3168,0.084000,23.52,35.28
IMO messenger,Togo,3|0.366,3,3371,0.366000,102.48,128.10
IMO messenger,Niger,3|0.502,3,"2579,3370",0.502000,140.56,175.70
IMO messenger,Niger,3|0.118,3,3001,0.118000,33.04,49.56
IMO messenger,Syrian Arab Republic,3|0.118,3,3001,0.118000,33.04,49.56
IMO messenger,Syrian Arab Republic,3|0.091,3,3168,0.091000,25.48,38.22
IMO messenger,Syrian Arab Republic,3|0.231,3,3370,0.231000,64.68,90.55
IMO messenger,Hungary,3|0.318,3,"2750,3193,3370,3393",0.318000,89.04,124.66
IMO messenger,Hungary,3|0.118,3,3001,0.118000,33.04,49.56
IMO messenger,Hungary,3|0.299,3,"3309,3335",0.299000,83.72,117.21
IMO messenger,Bhutan,3|0.118,3,3001,0.118000,33.04,49.56
IMO messenger,Bhutan,3|0.502,3,3370,0.502000,140.56,175.70
IMO messenger,Burundi,3|0.502,3,"2579,2750,3193,3309,3370,3393",0.502000,140.56,175.70
IMO messenger,Burundi,3|0.118,3,3001,0.118000,33.04,49.56
IMO messenger,Burundi,3|0.376,3,3168,0.376000,105.28,131.60
IMO messenger,Burundi,3|0.366,3,3371,0.366000,102.48,128.10
IMO messenger,Malaysia,3|0.502,3,"2579,2750,3193,3309,3330,3370,3421",0.502000,140.56,175.70
IMO messenger,Malaysia,3|0.118,3,3001,0.118000,33.04,49.56
IMO messenger,Malaysia,3|0.011,3,3237,0.011000,3.08,4.62
IMO messenger,Malaysia,3|0.108,3,3393,0.108000,30.24,45.36
IMO messenger,Netherlands,3|0.067,3,1203,0.067000,18.76,28.14
IMO messenger,Netherlands,3|0.428,3,2263,0.428000,119.84,149.80
IMO messenger,Netherlands,3|0.043,3,2295,0.043000,12.04,18.06
IMO messenger,Netherlands,3|0.919,3,"2442,2579,2750,3160,3193,3309,3330,3370,3393",0.919000,257.32,321.65
IMO messenger,Netherlands,3|0.274,3,2738,0.274000,76.72,107.41
IMO messenger,Netherlands,1|0.136,1,2739,0.136000,38.08,57.12
IMO messenger,Netherlands,3|0.118,3,3001,0.118000,33.04,49.56
IMO messenger,Netherlands,3|0.534,3,3087,0.534000,149.52,186.90
IMO messenger,Netherlands,3|0.011,3,3198,0.011000,3.08,4.62
IMO messenger,Netherlands,1|0.027,1,3237,0.027000,7.56,11.34
IMO messenger,Netherlands,3|0.136,3,"3314,3328,3329,3371,3418",0.136000,38.08,57.12
IMO messenger,Netherlands,2|0.181,2,3335,0.181000,50.68,70.95
IMO messenger,Netherlands,3|0.467,3,3394,0.467000,130.76,163.45
IMO messenger,Netherlands,1|0.268,1,3433,0.268000,75.04,105.06
IMO messenger,Equatorial Guinea,3|0.502,3,"2579,3370",0.502000,140.56,175.70
IMO messenger,Equatorial Guinea,3|0.118,3,3001,0.118000,33.04,49.56
IMO messenger,United Arab Emirates,3|0.118,3,3001,0.118000,33.04,49.56
IMO messenger,United Arab Emirates,3|0.502,3,"3160,3370",0.502000,140.56,175.70
IMO messenger,Trinidad and Tobago,3|0.118,3,3001,0.118000,33.04,49.56
IMO messenger,Trinidad and Tobago,3|0.502,3,3370,0.502000,140.56,175.70
IMO messenger,Cambodia,3|0.134,3,"2579,2750,3160,3193,3309,3330,3370,3371,3393",0.134000,37.52,56.28
IMO messenger,Cambodia,3|0.118,3,3001,0.118000,33.04,49.56
IMO messenger,Cambodia,3|0.011,3,3168,0.011000,3.08,4.62
IMO messenger,Cambodia,3|0.015,3,3421,0.015000,4.20,6.30
IMO messenger,South Sudan,3|0.502,3,"2579,3370",0.502000,140.56,175.70
IMO messenger,South Sudan,3|0.118,3,3001,0.118000,33.04,49.56
IMO messenger,Mauritania,3|0.502,3,"2579,2750,3193,3309,3370,3371,3393",0.502000,140.56,175.70
IMO messenger,Mauritania,3|0.118,3,3001,0.118000,33.04,49.56
IMO messenger,Mauritania,3|0.376,3,3168,0.376000,105.28,131.60
IMO messenger,Philippines,3|0.111,3,2263,0.111000,31.08,46.62
IMO messenger,Philippines,3|0.502,3,"2579,2750,3160,3193,3309,3330,3370",0.502000,140.56,175.70
IMO messenger,Philippines,3|0.134,3,2738,0.134000,37.52,56.28
IMO messenger,Philippines,3|0.078,3,2739,0.078000,21.84,32.76
IMO messenger,Philippines,3|0.118,3,3001,0.118000,33.04,49.56
IMO messenger,Philippines,3|0.1,3,3168,0.100000,28.00,42.00
IMO messenger,Philippines,3|0.01,3,3237,0.010000,2.80,4.20
IMO messenger,Philippines,3|0.045,3,"3340,3393",0.045000,12.60,18.90
IMO messenger,Philippines,3|0.036,3,3418,0.036000,10.08,15.12
IMO messenger,Kuwait,3|0.502,3,"2579,3370",0.502000,140.56,175.70
IMO messenger,Kuwait,3|0.118,3,3001,0.118000,33.04,49.56
IMO messenger,Guinea-Bissau,3|0.502,3,"2579,2750,3370",0.502000,140.56,175.70
IMO messenger,Guinea-Bissau,3|0.118,3,3001,0.118000,33.04,49.56
IMO messenger,Maldives,3|0.502,3,"2579,3160,3370",0.502000,140.56,175.70
IMO messenger,Maldives,3|0.118,3,3001,0.118000,33.04,49.56
IMO messenger,Portugal,1|0.27,1,2263,0.270000,75.60,105.84
IMO messenger,Portugal,3|0.919,3,"2442,2579,2750,3160,3193",0.919000,257.32,321.65
IMO messenger,Portugal,3|0.361,3,2738,0.361000,101.08,126.35
IMO messenger,Portugal,1|0.147,1,2739,0.147000,41.16,61.74
IMO messenger,Portugal,3|0.118,3,3001,0.118000,33.04,49.56
IMO messenger,Portugal,3|0.534,3,3087,0.534000,149.52,186.90
IMO messenger,Portugal,3|0.69,3,"3132,3329",0.690000,193.20,241.50
IMO messenger,Portugal,1|0.919,1,3433,0.919000,257.32,321.65
IMO messenger,Bosnia and Herzegovina,3|0.142,3,"2750,3193,3370",0.142000,39.76,59.64
IMO messenger,Bosnia and Herzegovina,3|0.118,3,3001,0.118000,33.04,49.56
IMO messenger,Somalia,3|0.502,3,"2579,3370",0.502000,140.56,175.70
IMO messenger,Somalia,3|0.118,3,3001,0.118000,33.04,49.56
IMO messenger,Barbados,3|0.502,3,"2579,3309,3370,3393",0.502000,140.56,175.70
IMO messenger,Barbados,3|0.118,3,3001,0.118000,33.04,49.56
IMO messenger,Barbados,3|0.168,3,3371,0.168000,47.04,70.56
IMO messenger,Martinique,3|0.118,3,3001,0.118000,33.04,49.56
IMO messenger,Dominican Republic,3|0.231,3,2750,0.231000,64.68,90.55
IMO messenger,Dominican Republic,3|0.118,3,3001,0.118000,33.04,49.56
IMO messenger,Gambia,3|0.502,3,"2579,2750,3193,3309,3330,3370,3393",0.502000,140.56,175.70
IMO messenger,Gambia,3|0.118,3,3001,0.118000,33.04,49.56
IMO messenger,Gambia,3|0.432,3,3371,0.432000,120.96,151.20
IMO messenger,Afghanistan,3|0.502,3,"2579,3160,3193",0.502000,140.56,175.70
IMO messenger,Afghanistan,3|0.118,3,3001,0.118000,33.04,49.56
IMO messenger,Afghanistan,3|0.376,3,3168,0.376000,105.28,131.60
IMO messenger,Armenia,3|0.502,3,"2579,2750,3193,3309,3370,3393",0.502000,140.56,175.70
IMO messenger,Armenia,3|0.118,3,3001,0.118000,33.04,49.56
IMO messenger,Armenia,3|0.071,3,3371,0.071000,19.88,29.82
IMO messenger,Guyana,3|0.502,3,"2579,3370",0.502000,140.56,175.70
IMO messenger,Guyana,3|0.118,3,3001,0.118000,33.04,49.56
IMO messenger,Chad,3|0.502,3,"2579,2750,3193,3309,3330,3370,3393",0.502000,140.56,175.70
IMO messenger,Chad,3|0.118,3,3001,0.118000,33.04,49.56
IMO messenger,Chad,3|0.178,3,3335,0.178000,49.84,74.76
IMO messenger,Chad,3|0.378,3,3371,0.378000,105.84,132.30
IMO messenger,Switzerland,3|0.244,3,"2442,2579,2750,3160,3193,3309,3393,3394",0.244000,68.32,95.65
IMO messenger,Switzerland,3|0.204,3,3237,0.204000,57.12,79.97
IMO messenger,Switzerland,1|0.224,1,3329,0.224000,62.72,87.81
IMO messenger,Switzerland,1|0.244,1,3370,0.244000,68.32,95.65
IMO messenger,Switzerland,3|0.224,3,3371,0.224000,62.72,87.81
IMO messenger,Puerto Rico,3|0.502,3,"2579,3370",0.502000,140.56,175.70
IMO messenger,Puerto Rico,3|0.118,3,3001,0.118000,33.04,49.56
IMO messenger,Ireland,3|0.166,3,2263,0.166000,46.48,69.72
IMO messenger,Ireland,3|0.203,3,2738,0.203000,56.84,79.58
IMO messenger,Ireland,3|0.231,3,"2750,3160,3193,3309,3330",0.231000,64.68,90.55
IMO messenger,Ireland,3|0.118,3,3001,0.118000,33.04,49.56
IMO messenger,Ireland,3|0.174,3,3329,0.174000,48.72,73.08
IMO messenger,Serbia,3|0.502,3,"2579,3193,3309,3330,3370,3371,3393",0.502000,140.56,175.70
IMO messenger,Serbia,3|0.118,3,3001,0.118000,33.04,49.56
IMO messenger,Estonia,3|0.148,3,2738,0.148000,41.44,62.16
IMO messenger,Estonia,3|0.231,3,"2750,3193,3309,3330,3370,3393",0.231000,64.68,90.55
IMO messenger,Estonia,3|0.118,3,3001,0.118000,33.04,49.56
IMO messenger,Bahrain,3|0.502,3,"2579,3370",0.502000,140.56,175.70
IMO messenger,Bahrain,3|0.118,3,3001,0.118000,33.04,49.56
IMO messenger,Czech Republic,3|0.154,3,2263,0.154000,43.12,64.68
IMO messenger,Czech Republic,3|0.919,3,"2579,2750,3160,3193",0.919000,257.32,321.65
IMO messenger,Czech Republic,3|0.204,3,2738,0.204000,57.12,79.97
IMO messenger,Czech Republic,3|0.102,3,2739,0.102000,28.56,42.84
IMO messenger,Czech Republic,3|0.118,3,3001,0.118000,33.04,49.56
IMO messenger,Czech Republic,3|0.334,3,3087,0.334000,93.52,130.93
IMO messenger,Guadeloupe,3|0.502,3,"2579,3309,3370,3371,3393",0.502000,140.56,175.70
IMO messenger,Guadeloupe,3|0.118,3,3001,0.118000,33.04,49.56
IMO messenger,Norway,3|0.142,3,"2750,3193,3309,3370,3371,3393",0.142000,39.76,59.64
IMO messenger,Norway,2|0.118,2,3001,0.118000,33.04,49.56
IMO messenger,Norway,3|0.107,3,3168,0.107000,29.96,44.94
IMO messenger,Italy,3|0.108,3,2263,0.108000,30.24,45.36
IMO messenger,Italy,3|0.142,3,"2442,2579,2615,2750,3160,3193,3266,3307,3309,3370,3371,3393,3406,3418",0.142000,39.76,59.64
IMO messenger,Italy,3|0.13,3,2738,0.130000,36.40,54.60
IMO messenger,Italy,3|0.118,3,3001,0.118000,33.04,49.56
IMO messenger,Italy,3|0.107,3,3168,0.107000,29.96,44.94
IMO messenger,Italy,3|0.138,3,3304,0.138000,38.64,57.96
IMO messenger,Italy,3|0.062,3,"3329,3414",0.062000,17.36,26.04
IMO messenger,Romania,3|0.126,3,"2263,3309,3328",0.126000,35.28,52.92
IMO messenger,Romania,3|0.294,3,"2579,2750,3160,3193,3330,3370",0.294000,82.32,115.25
IMO messenger,Romania,3|0.168,3,2738,0.168000,47.04,70.56
IMO messenger,Romania,3|0.08,3,2739,0.080000,22.40,33.60
IMO messenger,Romania,3|0.118,3,3001,0.118000,33.04,49.56
IMO messenger,Romania,3|0.042,3,3168,0.042000,11.76,17.64
IMO messenger,Romania,3|0.012,3,3237,0.012000,3.36,5.04
IMO messenger,Romania,3|0.276,3,3335,0.276000,77.28,108.19
IMO messenger,Romania,3|0.228,3,3393,0.228000,63.84,89.38
IMO messenger,Cyprus,3|0.079,3,2263,0.079000,22.12,33.18
IMO messenger,Cyprus,3|0.076,3,2738,0.076000,21.28,31.92
IMO messenger,Cyprus,3|0.136,3,"2750,3193,3309,3370,3393",0.136000,38.08,57.12
IMO messenger,Cyprus,3|0.118,3,3001,0.118000,33.04,49.56
IMO messenger,Cyprus,3|0.055,3,3371,0.055000,15.40,23.10
IMO messenger,Luxembourg,3|0.142,3,"2750,3193,3309,3370,3371,3393",0.142000,39.76,59.64
IMO messenger,Luxembourg,3|0.118,3,3001,0.118000,33.04,49.56
IMO messenger,Suriname,3|0.502,3,"2579,3370",0.502000,140.56,175.70
IMO messenger,Suriname,3|0.118,3,3001,0.118000,33.04,49.56
IMO messenger,Guatemala,3|0.118,3,3001,0.118000,33.04,49.56
IMO messenger,Guatemala,3|0.142,3,3370,0.142000,39.76,59.64
IMO messenger,Madagascar,3|0.502,3,"2579,3330,3370",0.502000,140.56,175.70
IMO messenger,Madagascar,3|0.118,3,3001,0.118000,33.04,49.56
IMO messenger,Indonesia,3|0.134,3,54,0.134000,37.52,56.28
IMO messenger,Indonesia,3|0.502,3,"1085,2434,2442,2579,2750,3029,3193,3309,3330,3333,3353,3370,3377,3380,3406,3426,3427",0.502000,140.56,175.70
IMO messenger,Indonesia,3|0.004,3,"1170,1329,2994,3061,3251,3267,3417",0.004000,1.12,1.68
IMO messenger,Indonesia,3|0.09,3,2263,0.090000,25.20,37.80
IMO messenger,Indonesia,3|0.015,3,"2272,2295,3168",0.015000,4.20,6.30
IMO messenger,Indonesia,3|0.026,3,2738,0.026000,7.28,10.92
IMO messenger,Indonesia,3|0.2,3,2739,0.200000,56.00,78.40
IMO messenger,Indonesia,3|0.118,3,3001,0.118000,33.04,49.56
IMO messenger,Indonesia,3|0.012,3,"3027,3339,3424",0.012000,3.36,5.04
IMO messenger,Indonesia,3|0.038,3,3160,0.038000,10.64,15.96
IMO messenger,Indonesia,3|0.376,3,3224,0.376000,105.28,131.60
IMO messenger,Indonesia,3|0.008,3,3237,0.008000,2.24,3.36
IMO messenger,Indonesia,3|0.01,3,3327,0.010000,2.80,4.20
IMO messenger,Indonesia,3|0.011,3,3332,0.011000,3.08,4.62
IMO messenger,Indonesia,3|0.024,3,"3340,3347,3393",0.024000,6.72,10.08
IMO messenger,Indonesia,3|0.014,3,3349,0.014000,3.92,5.88
IMO messenger,Indonesia,3|0.007,3,3355,0.007000,1.96,2.94
IMO messenger,Sweden,3|0.919,3,"2579,2750,3193,3330",0.919000,257.32,321.65
IMO messenger,Sweden,3|0.2,3,2738,0.200000,56.00,78.40
IMO messenger,Sweden,3|0.018,3,3055,0.018000,5.04,7.56
IMO messenger,Sweden,3|0.6,3,3087,0.600000,168.00,210.00
IMO messenger,Sweden,3|0.524,3,3296,0.524000,146.72,183.40
IMO messenger,Antigua and Barbuda,3|0.118,3,3001,0.118000,33.04,49.56
IMO messenger,Djibouti,3|0.502,3,"2579,3370",0.502000,140.56,175.70
IMO messenger,Djibouti,3|0.118,3,3001,0.118000,33.04,49.56
IMO messenger,Finland,3|0.142,3,"2750,3193,3309,3370,3371,3393,3418",0.142000,39.76,59.64
IMO messenger,Finland,3|0.118,3,3001,0.118000,33.04,49.56
IMO messenger,French Guiana,3|0.502,3,"2579,3370",0.502000,140.56,175.70
IMO messenger,French Guiana,3|0.118,3,3001,0.118000,33.04,49.56
IMO messenger,Saint Lucia,3|0.502,3,"2579,3370",0.502000,140.56,175.70
IMO messenger,Saint Lucia,3|0.118,3,3001,0.118000,33.04,49.56
IMO messenger,Montenegro,3|0.118,3,3001,0.118000,33.04,49.56
IMO messenger,Montenegro,3|0.142,3,"3370,3371,3393",0.142000,39.76,59.64
IMO messenger,Canada,3|0.2,3,"2262,2579,2750,3309,3330,3370,3393,3406",0.200000,56.00,78.40
IMO messenger,Canada,3|0.011,3,"2430,2440,2441,2524,2568,2620,2675,2677,2681,2748,2767,2784,3228",0.011000,3.08,4.62
IMO messenger,Canada,3|0.118,3,3001,0.118000,33.04,49.56
IMO messenger,Canada,3|0.02,3,"3140,3329",0.020000,5.60,8.40
IMO messenger,Canada,3|0.022,3,3160,0.022000,6.16,9.24
IMO messenger,Canada,3|0.031,3,3314,0.031000,8.68,13.02
IMO messenger,Cuba,3|0.231,3,"2579,2750,3160,3370",0.231000,64.68,90.55
IMO messenger,Cuba,3|0.118,3,3001,0.118000,33.04,49.56
IMO messenger,Greece,3|0.2,3,2263,0.200000,56.00,78.40
IMO messenger,Greece,1|0.251,1,2470,0.251000,70.28,98.39
IMO messenger,Greece,3|0.334,3,"2579,2750,3160,3193",0.334000,93.52,130.93
IMO messenger,Greece,1|0.246,1,2738,0.246000,68.88,96.43
IMO messenger,Greece,3|0.118,3,3001,0.118000,33.04,49.56
IMO messenger,Chile,3|0.022,3,2421,0.022000,6.16,9.24
IMO messenger,Chile,3|0.502,3,"2579,2750,3160,3193,3309,3370,3393",0.502000,140.56,175.70
IMO messenger,Chile,3|0.063,3,"2974,3350",0.063000,17.64,26.46
IMO messenger,Chile,3|0.118,3,3001,0.118000,33.04,49.56
IMO messenger,Chile,1|0.02,1,3234,0.020000,5.60,8.40
IMO messenger,Chile,3|0.21,3,3235,0.210000,58.80,82.32
IMO messenger,Chile,3|0.178,3,3335,0.178000,49.84,74.76
IMO messenger,Chile,3|0.168,3,3371,0.168000,47.04,70.56
IMO messenger,Chile,3|0.018,3,3419,0.018000,5.04,7.56
IMO messenger,Georgia,3|0.231,3,"2579,2750,3193",0.231000,64.68,90.55
IMO messenger,Georgia,3|0.118,3,3001,0.118000,33.04,49.56
IMO messenger,Sierra Leone,3|0.502,3,"2579,2750,3160,3193,3370",0.502000,140.56,175.70
IMO messenger,Sierra Leone,3|0.118,3,3001,0.118000,33.04,49.56
IMO messenger,Sierra Leone,3|0.376,3,3168,0.376000,105.28,131.60
IMO messenger,Bahamas,3|0.502,3,"2579,3309,3370,3371,3393",0.502000,140.56,175.70
IMO messenger,Bahamas,3|0.118,3,3001,0.118000,33.04,49.56
IMO messenger,Bolivia,3|0.502,3,"2579,2750,3160,3193,3309,3370,3393",0.502000,140.56,175.70
IMO messenger,Bolivia,3|0.118,3,3001,0.118000,33.04,49.56
IMO messenger,Bolivia,3|0.376,3,3168,0.376000,105.28,131.60
IMO messenger,Bolivia,3|0.168,3,3371,0.168000,47.04,70.56
IMO messenger,Grenada,3|0.502,3,"2579,3309,3370,3371,3393",0.502000,140.56,175.70
IMO messenger,Grenada,3|0.118,3,3001,0.118000,33.04,49.56
IMO messenger,Latvia,3|0.231,3,"2579,2750,3193,3330,3370,3393",0.231000,64.68,90.55
IMO messenger,Latvia,3|0.118,3,3001,0.118000,33.04,49.56
IMO messenger,Latvia,3|0.163,3,"3309,3335",0.163000,45.64,68.46
IMO messenger,Latvia,3|0.226,3,3340,0.226000,63.28,88.59
IMO messenger,Tajikistan,3|0.502,3,"2579,3193,3309,3370,3393",0.502000,140.56,175.70
IMO messenger,Tajikistan,3|0.118,3,3001,0.118000,33.04,49.56
IMO messenger,Tajikistan,3|0.059,3,3371,0.059000,16.52,24.78
IMO messenger,Brunei Darussalam,3|0.502,3,"2579,3370",0.502000,140.56,175.70
IMO messenger,Brunei Darussalam,3|0.118,3,3001,0.118000,33.04,49.56
IMO messenger,Cayman islands,3|0.502,3,"2579,3370",0.502000,140.56,175.70
IMO messenger,Cayman islands,3|0.118,3,3001,0.118000,33.04,49.56
IMO messenger,Saint Vincent,3|0.118,3,3001,0.118000,33.04,49.56
IMO messenger,Saint Vincent,3|0.502,3,3370,0.502000,140.56,175.70
IMO messenger,Albania,3|0.118,3,3001,0.118000,33.04,49.56
IMO messenger,Albania,3|0.142,3,"3370,3371,3393",0.142000,39.76,59.64
IMO messenger,Slovenia,3|0.127,3,2263,0.127000,35.56,53.34
IMO messenger,Slovenia,3|0.142,3,"2442,2738,2750,3160,3193,3330,3370,3371,3393",0.142000,39.76,59.64
IMO messenger,Slovenia,3|0.118,3,3001,0.118000,33.04,49.56
IMO messenger,Slovenia,3|0.106,3,3256,0.106000,29.68,44.52
IMO messenger,Hong Kong,3|0.231,3,"2579,2750,3193,3330",0.231000,64.68,90.55
IMO messenger,Hong Kong,3|0.118,3,3001,0.118000,33.04,49.56
IMO messenger,Saint Kitts and Nevis,3|0.118,3,3001,0.118000,33.04,49.56
IMO messenger,Saint Kitts and Nevis,3|0.502,3,3370,0.502000,140.56,175.70
IMO messenger,Taiwan,3|0.231,3,"2579,3193,3330",0.231000,64.68,90.55
IMO messenger,Taiwan,3|0.118,3,3001,0.118000,33.04,49.56
IMO messenger,Lithuania,3|0.919,3,"2579,2750,3193,3330,3370,3371,3393",0.919000,257.32,321.65
IMO messenger,Lithuania,3|0.118,3,3001,0.118000,33.04,49.56
IMO messenger,Lithuania,3|0.667,3,3087,0.667000,186.76,233.45
IMO messenger,Lithuania,3|0.827,3,3309,0.827000,231.56,289.45
IMO messenger,Central African Republic,3|0.118,3,3001,0.118000,33.04,49.56
IMO messenger,Central African Republic,3|0.376,3,3168,0.376000,105.28,131.60
IMO messenger,Central African Republic,3|0.502,3,3370,0.502000,140.56,175.70
IMO messenger,Liberia,3|0.502,3,"2579,2750,3160,3193,3309,3370",0.502000,140.56,175.70
IMO messenger,Liberia,3|0.118,3,3001,0.118000,33.04,49.56
IMO messenger,Liberia,3|0.036,3,3371,0.036000,10.08,15.12
IMO messenger,Liberia,3|0.032,3,3393,0.032000,8.96,13.44
IMO messenger,Japan,3|5.084,3,"2750,3160,3370,3371,3393,3421",5.084000,1423.52,1779.40
IMO messenger,Japan,3|0.118,3,3001,0.118000,33.04,49.56
IMO messenger,Guinea,3|0.502,3,"2579,2750,3193,3309,3370,3393",0.502000,140.56,175.70
IMO messenger,Guinea,3|0.118,3,3001,0.118000,33.04,49.56
IMO messenger,Guinea,3|0.063,3,3168,0.063000,17.64,26.46
IMO messenger,Guinea,3|0.127,3,3371,0.127000,35.56,53.34
IMO messenger,Aruba,3|0.502,3,"2579,3309,3370,3371,3393",0.502000,140.56,175.70
IMO messenger,Aruba,3|0.118,3,3001,0.118000,33.04,49.56
IMO messenger,Comoros,3|0.502,3,"2579,3370",0.502000,140.56,175.70
IMO messenger,Comoros,3|0.118,3,3001,0.118000,33.04,49.56
IMO messenger,Malta,3|0.231,3,2750,0.231000,64.68,90.55
IMO messenger,Malta,3|0.118,3,3001,0.118000,33.04,49.56
IMO messenger,Singapore,3|0.231,3,"2579,2750,3309",0.231000,64.68,90.55
IMO messenger,Singapore,3|0.118,3,3001,0.118000,33.04,49.56
IMO messenger,Slovakia,3|0.142,3,"2750,3193,3309,3370,3371,3393",0.142000,39.76,59.64
IMO messenger,Slovakia,1|0.118,1,3001,0.118000,33.04,49.56
IMO messenger,Anguilla,3|0.118,3,3001,0.118000,33.04,49.56
IMO messenger,Anguilla,3|0.188,3,"3309,3370,3393",0.188000,52.64,73.70
IMO messenger,Anguilla,3|0.168,3,3371,0.168000,47.04,70.56
IMO messenger,Sao Tome and Principe,3|0.502,3,"2579,3370",0.502000,140.56,175.70
IMO messenger,Sao Tome and Principe,3|0.118,3,3001,0.118000,33.04,49.56
IMO messenger,Fiji,3|0.231,3,2579,0.231000,64.68,90.55
IMO messenger,Fiji,3|0.118,3,3001,0.118000,33.04,49.56
IMO messenger,Palestine,3|0.231,3,"2579,3168",0.231000,64.68,90.55
IMO messenger,Croatia,1|0.112,1,2263,0.112000,31.36,47.04
IMO messenger,Croatia,3|0.122,3,2738,0.122000,34.16,51.24
IMO messenger,Croatia,3|0.15,3,"2750,3193,3309,3330,3370,3371,3393",0.150000,42.00,63.00
IMO messenger,Croatia,3|0.118,3,3001,0.118000,33.04,49.56
IMO messenger,Cape Verde,3|0.502,3,"2579,3370",0.502000,140.56,175.70
IMO messenger,Cape Verde,3|0.118,3,3001,0.118000,33.04,49.56
IMO messenger,Monaco,3|0.244,3,"2750,3193,3309,3370,3371,3393",0.244000,68.32,95.65
IMO messenger,Monaco,3|0.118,3,3001,0.118000,33.04,49.56
IMO messenger,Macedonia,3|0.142,3,"2750,3193",0.142000,39.76,59.64
IMO messenger,Macedonia,3|0.118,3,3001,0.118000,33.04,49.56
IMO messenger,Belize,3|0.502,3,"2579,3370",0.502000,140.56,175.70
IMO messenger,Belize,3|0.118,3,3001,0.118000,33.04,49.56
IMO messenger,New Caledonia,3|0.502,3,"2579,3370",0.502000,140.56,175.70
IMO messenger,New Caledonia,3|0.118,3,3001,0.118000,33.04,49.56
IMO messenger,New Zealand,3|0.188,3,"2750,3160,3370",0.188000,52.64,73.70
IMO messenger,New Zealand,3|0.118,3,3001,0.118000,33.04,49.56
IMO messenger,New Zealand,3|0.178,3,3335,0.178000,49.84,74.76
IMO messenger,Mongolia,3|0.502,3,"2579,3193,3309,3370,3371,3393",0.502000,140.56,175.70
IMO messenger,Mongolia,3|0.118,3,3001,0.118000,33.04,49.56
IMO messenger,Mongolia,3|0.08,3,3168,0.080000,22.40,33.60
IMO messenger,Lebanon,3|0.502,3,"2579,2750,3309,3370,3371,3393",0.502000,140.56,175.70
IMO messenger,Lebanon,3|0.118,3,3001,0.118000,33.04,49.56
IMO messenger,Lebanon,3|0.084,3,3168,0.084000,23.52,35.28
IMO messenger,Denmark,3|0.502,3,"2579,2738,2750,3193,3309,3314,3370,3371,3393",0.502000,140.56,175.70
IMO messenger,Denmark,3|0.118,3,3001,0.118000,33.04,49.56
IMO messenger,Austria,3|0.244,3,"2442,2632,2750,3160,3193,3309,3330,3370,3393",0.244000,68.32,95.65
IMO messenger,Austria,3|0.231,3,2738,0.231000,64.68,90.55
IMO messenger,Austria,3|0.118,3,3001,0.118000,33.04,49.56
IMO messenger,Austria,3|0.203,3,3237,0.203000,56.84,79.58
IMO messenger,Austria,3|0.219,3,"3328,3329,3371",0.219000,61.32,85.85
IMO messenger,Austria,3|0.23,3,3335,0.230000,64.40,90.16
IMO messenger,Seychelles,3|0.502,3,"2579,3370",0.502000,140.56,175.70
IMO messenger,Seychelles,3|0.118,3,3001,0.118000,33.04,49.56
IMO messenger,Australia,1|0.111,1,2442,0.111000,31.08,46.62
IMO messenger,Australia,3|0.502,3,"2579,3160,3193,3309,3370,3371,3393",0.502000,140.56,175.70
IMO messenger,Australia,3|0.351,3,2750,0.351000,98.28,137.59
IMO messenger,Australia,3|0.118,3,3001,0.118000,33.04,49.56
IMO messenger,Australia,3|0.178,3,3335,0.178000,49.84,74.76
IMO messenger,Montserrat,3|0.502,3,"2579,3309,3370,3393",0.502000,140.56,175.70
IMO messenger,Montserrat,3|0.118,3,3001,0.118000,33.04,49.56
IMO messenger,Montserrat,3|0.168,3,3371,0.168000,47.04,70.56
IMO messenger,Dominica,3|0.502,3,"2579,3309,3370,3393",0.502000,140.56,175.70
IMO messenger,Dominica,3|0.118,3,3001,0.118000,33.04,49.56
IMO messenger,Dominica,3|0.168,3,3371,0.168000,47.04,70.56
IMO messenger,Macau,3|0.118,3,3001,0.118000,33.04,49.56
IMO messenger,Iceland,3|0.118,3,3001,0.118000,33.04,49.56
IMO messenger,Iceland,3|0.142,3,"3309,3370,3371,3393",0.142000,39.76,59.64
IMO messenger,Eritrea,3|0.118,3,3001,0.118000,33.04,49.56
IMO messenger,Eritrea,3|0.188,3,3370,0.188000,52.64,73.70
IMO messenger,United States (virtual),3|0.2,3,"2262,2442,2750,2858,3160,3193,3330,3335,3393,3406",0.200000,56.00,78.40
IMO messenger,United States (virtual),1|0.01,1,"2430,3209",0.010000,2.80,4.20
IMO messenger,United States (virtual),3|0.01,3,"2440,2441,2524,2568,2620,2675,2677,2681,2748,2767,2784",0.010000,2.80,4.20
IMO messenger,United States (virtual),3|0.151,3,3140,0.151000,42.28,63.42
IMO messenger,United States (virtual),1|0.015,1,3212,0.015000,4.20,6.30
IMO messenger,United States (virtual),3|0.011,3,3228,0.011000,3.08,4.62
IMO messenger,United States (virtual),3|0.052,3,3309,0.052000,14.56,21.84
IMO messenger,United States (virtual),3|0.048,3,3418,0.048000,13.44,20.16
IMO messenger,Gibraltar,3|1.143,3,"2579,2750,3309,3370,3371,3393",1.143000,320.04,400.05
