Country,Rank,Agent_IDs,Original_USD,Converted_PKR,Final_PKR
South Africa,Bronze,2217,0.630000,176.40,220.50
South Africa,Bronze,"2260,2579,2750,2920,3168,3271,3330,3370,3393",0.668000,187.04,233.80
South Africa,Bronze,2354,0.355000,99.40,139.16
South Africa,Bronze,2649,0.162000,45.36,68.04
South Africa,Bronze,2944,0.104000,29.12,43.68
South Africa,Bronze,3001,0.340000,95.20,133.28
South Africa,Bronze,"3109,3237",0.320000,89.60,125.44
South Africa,Bronze,3160,0.334000,93.52,130.93
South Africa,Bronze,2984,0.128000,35.84,53.76
South Africa,Bronze,3155,0.142000,39.76,59.64
South Africa,Bronze,2856,0.181000,50.68,70.95
South Africa,Bronze,3205,0.093000,26.04,39.06
Indonesia,Silver,54,0.534000,149.52,186.90
Indonesia,Silver,"1085,3355",0.267000,74.76,104.66
Indonesia,Gold,"1170,1329,3333,3339",0.154000,43.12,64.68
Indonesia,Bronze,"1384,2260,2442,2920,3042,3127,3271,3309,3370",0.786000,220.08,264.10
Indonesia,Bronze,"2263,2295,2579,2738,2750,3193,3211,3330,3335",0.786000,220.08,264.10
Indonesia,Bronze,2377,0.099000,27.72,41.58
Indonesia,Bronze,"2739,3001,3027",0.346000,96.88,135.63
Indonesia,Gold,3061,0.138000,38.64,57.96
Indonesia,Gold,3109,0.115000,32.20,48.30
Indonesia,Bronze,3251,0.532000,148.96,186.20
Indonesia,Silver,3267,0.134000,37.52,56.28
Indonesia,Bronze,3313,0.231000,64.68,90.55
Indonesia,Silver,3327,0.175000,49.00,73.50
Indonesia,Gold,3334,0.119000,33.32,49.98
Indonesia,Bronze,3340,0.346000,96.88,135.63
Indonesia,Gold,3377,0.134000,37.52,56.28
Indonesia,Silver,3406,0.267000,74.76,104.66
Indonesia,Bronze,3408,0.114000,31.92,47.88
Indonesia,Silver,3424,0.127000,35.56,53.34
Indonesia,Silver,3426,0.160000,44.80,67.20
Indonesia,Gold,3427,0.127000,35.56,53.34
Indonesia,Silver,3224,0.267000,74.76,104.66
Indonesia,Gold,3029,0.158000,44.24,66.36
Indonesia,Gold,3289,0.158000,44.24,66.36
Indonesia,Bronze,3395,0.786000,220.08,264.10
Indonesia,Bronze,2272,0.163000,45.64,68.46
Indonesia,Bronze,3336,0.346000,96.88,135.63
Indonesia,Silver,3094,0.408000,114.24,142.80
Indonesia,Gold,3347,0.115000,32.20,48.30
Indonesia,Bronze,3168,0.158000,44.24,66.36
Indonesia,Bronze,3320,0.114000,31.92,47.88
Indonesia,Bronze,3349,0.400000,112.00,140.00
Indonesia,Bronze,3417,0.160000,44.80,67.20
Indonesia,Bronze,3425,0.111000,31.08,46.62
Indonesia,Gold,3445,0.167000,46.76,70.14
United States (virtual),Gold,3209,0.134000,37.52,78.28
United States (virtual),Bronze,3420,0.163000,45.64,84.46
United States (virtual),Bronze,3212,0.181000,50.68,93.95
Philippines,Bronze,"2750,2579,2738,3330,3370,3309,3042,3271",1.086000,304.08,364.90
Philippines,Bronze,2263,1.084000,303.52,364.22
Philippines,Bronze,3109,0.255000,71.40,130.24
Philippines,Bronze,2217,0.591000,165.48,231.67
Philippines,Bronze,3001,0.340000,95.20,142.32
Philippines,Bronze,2739,0.759000,212.52,255.02
Philippines,Silver,3193,0.634000,177.52,248.53
Philippines,Bronze,3340,0.496000,138.88,194.43
Philippines,Silver,3237,0.403000,112.84,157.98
Philippines,Silver,"3371,3418",0.550000,154.00,215.60
Philippines,Bronze,3393,0.550000,154.00,215.60
Philippines,Bronze,2260,1.086000,304.08,364.90
Philippines,Bronze,2920,1.086000,304.08,364.90
Philippines,Bronze,2840,0.339000,94.92,172.89
Philippines,Bronze,3335,0.395000,110.60,148.25
Thailand,Bronze,"2750,2579,3330,3370,3309,3042,3271",1.321000,369.88,443.86
Thailand,Bronze,2217,0.492000,137.76,192.86
Thailand,Bronze,3001,0.402000,112.56,157.58
Thailand,Silver,3193,0.634000,177.52,248.53
Thailand,Bronze,3109,0.498000,139.44,195.22
Thailand,Bronze,"3340,3335",0.780000,218.40,262.08
Thailand,Silver,3237,0.400000,112.00,156.80
Thailand,Bronze,"3371,3393",0.866000,242.48,290.98
Brazil,Bronze,"2260,2920,3042,3271,3330,3406,3435",3.530000,988.40,1186.08
Brazil,Silver,2404,1.098000,307.44,368.93
Brazil,Silver,"2579,3309,3370",3.530000,988.40,1186.08
Brazil,Bronze,"2738,3371",1.326000,371.28,445.54
Brazil,Bronze,2906,0.742000,207.76,249.31
Brazil,Bronze,2951,1.112000,311.36,373.63
Brazil,Bronze,3015,0.600000,168.00,210.00
Brazil,Gold,3109,0.815000,228.20,273.84
Brazil,Bronze,3215,1.232000,344.96,413.95
Brazil,Bronze,3229,1.230000,344.40,413.28
Brazil,Bronze,3246,0.340000,95.20,133.28
Brazil,Bronze,3252,1.128000,315.84,379.01
Brazil,Bronze,3264,2.046000,572.88,687.46
Brazil,Bronze,3274,0.587000,164.36,205.45
Brazil,Gold,3335,1.262000,353.36,424.03
Brazil,Bronze,3340,2.528000,707.84,849.41
Brazil,Bronze,3356,0.939000,262.92,315.50
Brazil,Bronze,3365,1.129000,316.12,379.34
Brazil,Bronze,3367,1.217000,340.76,408.91
Brazil,Bronze,3393,1.857000,519.96,623.95
Brazil,Bronze,3412,1.182000,330.96,397.15
Brazil,Bronze,3413,1.179000,330.12,396.14
Brazil,Bronze,3415,1.200000,336.00,403.20
Brazil,Gold,3437,1.230000,344.40,413.28
Brazil,Gold,3439,1.167000,326.76,392.11
United States,Bronze,2617,4.705000,1317.40,1580.88
United States,Gold,3170,1.330000,372.40,446.88
United States,Bronze,3177,2.353000,658.84,790.61
United States,Bronze,3193,1.884000,527.52,633.02
United States,Gold,2266,1.215000,340.20,470.24
United States,Silver,3109,1.214000,339.92,417.90
United States,Silver,2268,1.215000,340.20,418.24
United States,Bronze,3237,3.302000,924.56,1109.47
United States,Bronze,"3370,3330",4.706000,1317.68,1581.22
United States,Bronze,2263,2.356000,659.68,791.62
United States,Bronze,2738,2.325000,651.00,781.20
Canada,Bronze,"2262,3329",0.520000,145.60,203.84
Canada,Gold,"2430,2441,2524,2620",0.400000,112.00,156.80
Canada,Silver,2440,0.400000,112.00,156.80
Canada,Gold,2750,0.702000,196.56,275.18
Canada,Gold,2462,1.067000,298.76,358.51
Canada,Bronze,"2767,2677,2748,2675,2681,2568",0.400000,112.00,156.80
Canada,Gold,2784,0.400000,112.00,156.80
Canada,Bronze,3109,0.354000,99.12,158.59
Canada,Bronze,"2318,3140,3228",0.244000,68.32,109.31
Canada,Silver,2217,0.295000,82.60,132.16
Canada,Bronze,3001,0.340000,95.20,152.32
Canada,Bronze,3160,0.307000,85.96,137.54
Canada,Bronze,"3330,2579,3370,3309,3393",1.067000,298.76,358.51
Canada,Bronze,3335,0.555000,155.40,217.56
Canada,Bronze,3198,0.350000,98.00,156.80
Canada,Bronze,2260,1.067000,298.76,358.51
Canada,Bronze,2920,1.067000,298.76,358.51
Canada,Bronze,3042,1.067000,298.76,358.51
Canada,Bronze,3271,1.067000,298.76,358.51
Canada,Bronze,3094,0.702000,196.56,245.70
Canada,Gold,3443,0.576000,161.28,201.60
United Kingdom,Bronze,"2750,2263,2738,2579,2739,3193,3330,3335",1.916000,536.48,643.78
United Kingdom,Bronze,3109,0.400000,112.00,300.00
United Kingdom,Bronze,"2295,3177",1.250000,350.00,420.00
United Kingdom,Bronze,"3329,3393,3309,3328",1.507000,421.96,506.35
United Kingdom,Bronze,2442,0.879000,246.12,310.34
United Kingdom,Gold,3368,0.880000,246.40,320.68
United Kingdom,Gold,3212,0.574000,160.72,280.90
United Kingdom,Bronze,"2260,3406,3370,2920,3435,3042,3271",1.916000,536.48,643.78
United Kingdom,Bronze,"3248,3402",1.067000,298.76,358.51
United Kingdom,Bronze,3371,0.811000,227.08,290.50
United Kingdom,Bronze,2914,1.802000,504.56,605.47
United Kingdom,Bronze,1015,1.159000,324.52,389.42
United Kingdom,Bronze,3397,0.936000,262.08,314.50
India,Bronze,3309,1.510000,422.80,507.36
Pakistan,Bronze,"2260,3271,3370,3371,3393",0.710000,198.80,248.50
Pakistan,Bronze,2354,0.355000,99.40,139.16
Pakistan,Bronze,3001,0.340000,95.20,133.28
Pakistan,Bronze,3160,0.420000,117.60,147.00
Pakistan,Bronze,3178,0.267000,74.76,104.66
Pakistan,Bronze,3193,0.634000,177.52,221.90
Pakistan,Bronze,2579,0.710000,198.80,248.50
Pakistan,Bronze,3335,0.619000,173.32,216.65
Pakistan,Gold,3443,0.710000,198.80,248.50
Pakistan,Bronze,3168,0.318000,89.04,124.66
Bangladesh,Bronze,3001,0.340000,95.20,152.32
Bangladesh,Bronze,"3160,3370,3371,3393,3042,2579,3271",0.584000,163.52,228.93
Zambia,Bronze,"2750,3193,3160,3370,3371,3309,3393,3418,3271",0.584000,163.52,228.93
Zambia,Bronze,3001,0.340000,95.20,152.32
Zambia,Bronze,3178,0.534000,149.52,209.33
Zambia,Bronze,3168,0.349000,97.72,156.35
Namibia,Bronze,3001,0.340000,95.20,152.32
Namibia,Bronze,"2579,3371,3309,3393,3042,3271",0.584000,163.52,228.93
Papua new gvineya,Bronze,3001,0.340000,95.20,152.32
Algeria,Bronze,"2750,3193,2579,3160,3330,3370,3309,3393,3042,3271",0.584000,163.52,228.93
Algeria,Bronze,3001,0.340000,95.20,152.32
Ethiopia,Bronze,"2750,3193,2579,3371,3309,3393,3271",0.584000,163.52,228.93
Ethiopia,Bronze,3001,0.340000,95.20,152.32
Ethiopia,Bronze,3178,0.227000,63.56,101.70
Ethiopia,Bronze,3168,0.154000,43.12,77.62
Mozambique,Bronze,"2579,3411,3371,3309,3393,3042,3271",0.584000,163.52,228.93
Mozambique,Bronze,3001,0.340000,95.20,152.32
Mozambique,Bronze,2354,0.354000,99.12,158.59
Angola,Bronze,"2750,3193,3370,3309,3393,3042,3271",0.584000,163.52,228.93
Angola,Bronze,3001,0.340000,95.20,152.32
Angola,Bronze,3160,0.374000,104.72,146.61
Angola,Bronze,3371,0.418000,117.04,163.86
Angola,Bronze,3335,0.262000,73.36,117.38
Ukraine,Bronze,"2579,3330,3370,3340,3393,3418,3042,3271",2.211000,619.08,742.90
Ukraine,Bronze,2739,0.934000,261.52,313.82
Ukraine,Bronze,"3309,3335,3371",0.824000,230.72,276.86
Ukraine,Bronze,3168,0.693000,194.04,271.66
Ukraine,Silver,3177,1.134000,317.52,381.02
Ukraine,Bronze,3109,1.112000,311.36,373.63
Egypt,Bronze,2750,0.584000,163.52,228.93
Egypt,Bronze,3001,0.340000,95.20,152.32
Egypt,Bronze,"3193,3393,3340",0.634000,177.52,248.53
Egypt,Bronze,"3330,2579,3370",0.835000,233.80,280.56
Egypt,Bronze,3160,0.272000,76.16,121.86
Egypt,Bronze,3335,0.443000,124.04,173.66
Egypt,Bronze,3168,0.208000,58.24,93.18
Haiti,Bronze,"2750,3193,3371,3393,3309,2579,3042,3271",0.584000,163.52,228.93
Haiti,Bronze,3001,0.340000,95.20,152.32
Haiti,Bronze,3335,0.579000,162.12,226.97
Iran,Bronze,3001,0.340000,95.20,152.32
Iran,Bronze,"2579,3193,3330,3370,3393,3309,3168,3042,3271",1.358000,380.24,456.29
Iran,Bronze,3371,1.138000,318.64,382.37
Peru ,Bronze,"2457,2750,2579,3160,3211,3370,3411,3393,3309,3042,3271",0.835000,233.80,280.56
Peru ,Bronze,2354,0.354000,99.12,158.59
Peru ,Bronze,3001,0.340000,95.20,152.32
Peru ,Bronze,3193,0.634000,177.52,248.53
Peru ,Bronze,3109,0.423000,118.44,165.82
Peru ,Bronze,3371,0.694000,194.32,272.05
Peru ,Bronze,3178,0.451000,126.28,176.79
Viet nam,Bronze,"2750,2579,3042,3271",0.584000,163.52,228.93
Viet nam,Bronze,"2318,3193",0.254000,71.12,113.79
Viet nam,Bronze,3082,0.231000,64.68,103.49
Viet nam,Bronze,3001,0.340000,95.20,152.32
Viet nam,Silver,3109,0.227000,63.56,101.70
Viet nam,Bronze,3160,0.268000,75.04,120.06
Viet nam,Bronze,3421,0.467000,130.76,183.06
Viet nam,Bronze,3335,0.295000,82.60,132.16
Zimbabwe,Bronze,3001,0.340000,95.20,152.32
Zimbabwe,Bronze,"3160,2579,3370,3042,3271",0.584000,163.52,228.93
Zimbabwe,Bronze,3335,0.295000,82.60,132.16
Zimbabwe,Bronze,3168,0.154000,43.12,77.62
Nepal,Bronze,3001,0.340000,95.20,152.32
Nepal,Bronze,"2579,3193,3393,3309,3042,3271",0.584000,163.52,228.93
Nepal,Bronze,3371,0.520000,145.60,203.84
Uzbekistan,Bronze,3001,0.340000,95.20,152.32
Uzbekistan,Bronze,3193,0.634000,177.52,248.53
Uzbekistan,Bronze,"3160,3330,2579,3309,3393,3042,3271",0.752000,210.56,252.67
Uzbekistan,Bronze,3168,0.550000,154.00,215.60
Nigeria,Bronze,"2750,2579,3160,3370,3309,3393,3042,3271",0.835000,233.80,280.56
Nigeria,Bronze,2217,0.518000,145.04,203.06
Nigeria,Bronze,3001,0.340000,95.20,152.32
Nigeria,Bronze,3193,0.634000,177.52,248.53
Nigeria,Silver,3330,0.835000,233.80,280.56
Nigeria,Bronze,3335,0.514000,143.92,201.49
Nigeria,Bronze,3178,0.271000,75.88,121.41
Swaziland,Bronze,3001,0.340000,95.20,152.32
Swaziland,Bronze,"3370,3309,3393,3042,3271",0.584000,163.52,228.93
Congo (Dem. Republic),Bronze,3001,0.340000,95.20,152.32
Congo (Dem. Republic),Bronze,"2750,3160,3330,2260",0.584000,163.52,228.93
Congo (Dem. Republic),Bronze,2354,0.354000,99.12,158.59
France,Bronze,2750,4.422000,1238.16,1485.79
France,Bronze,2738,2.648000,741.44,889.73
France,Bronze,"2579,3370,3309,3393,3330,3042,3271",5.883000,1647.24,1976.69
France,Bronze,3109,1.554000,435.12,522.14
France,Bronze,3193,0.634000,177.52,248.53
France,Bronze,"2442,3329",3.872000,1084.16,1300.99
France,Bronze,3160,2.195000,614.60,737.52
France,Bronze,3237,1.437000,402.36,482.83
France,Silver,3389,2.342000,655.76,786.91
France,Bronze,3403,2.706000,757.68,909.22
France,Bronze,3418,2.171000,607.88,729.46
France,Bronze,"3168,3371",1.708000,478.24,573.89
France,Bronze,3394,4.783000,1339.24,1607.09
France,Bronze,3270,1.214000,339.92,407.90
France,Bronze,3414,3.919000,1097.32,1316.78
France,Bronze,3335,1.664000,465.92,559.10
Botswana,Bronze,3001,0.340000,95.20,152.32
Botswana,Bronze,3160,0.335000,93.80,150.08
Botswana,Bronze,"2579,3370,3371,3309,3393,3042,3328,3271",0.584000,163.52,228.93
Botswana,Bronze,2354,0.354000,99.12,158.59
Mexico,Bronze,3001,0.553000,154.84,216.78
Mexico,Bronze,2750,0.919000,257.32,308.78
Mexico,Bronze,3160,0.867000,242.76,291.31
Mexico,Bronze,3193,0.634000,177.52,248.53
Mexico,Bronze,3109,0.891000,249.48,299.38
Mexico,Bronze,2840,0.631000,176.68,247.35
Mexico,Bronze,"3330,3370,3414,3271",1.250000,350.00,420.00
Mexico,Bronze,"2579,3042",1.334000,373.52,448.22
Tanzania,Bronze,"2750,2579,3193,3160,3330,3370,3309,3393,3042,3271",0.584000,163.52,228.93
Tanzania,Bronze,3001,0.340000,95.20,152.32
Tanzania,Bronze,3168,0.402000,112.56,157.58
Tanzania,Bronze,2920,0.279000,78.12,124.99
Tanzania,Bronze,2354,0.354000,99.12,158.59
Tanzania,Bronze,3371,0.520000,145.60,203.84
Sri Lanka,Bronze,3001,0.340000,95.20,152.32
Sri Lanka,Bronze,"3193,2579,3271",0.584000,163.52,228.93
Sri Lanka,Bronze,3160,0.307000,85.96,137.54
Sri Lanka,Bronze,2354,0.354000,99.12,158.59
Honduras,Bronze,2750,0.584000,163.52,228.93
Honduras,Bronze,3001,0.340000,95.20,152.32
Honduras,Bronze,3193,0.634000,177.52,248.53
Honduras,Bronze,"3160,3371,3393,3309,3042,3271",0.835000,233.80,280.56
Argentinas,Bronze,2286,0.658000,184.24,257.94
Argentinas,Bronze,2750,1.510000,422.80,507.36
Argentinas,Bronze,"2579,3303,2260",2.589000,724.92,869.90
Argentinas,Bronze,3109,0.911000,255.08,306.10
Argentinas,Bronze,3001,0.340000,95.20,152.32
Argentinas,Bronze,2263,0.990000,277.20,332.64
Argentinas,Bronze,2738,0.900000,252.00,302.40
Argentinas,Bronze,3193,0.634000,177.52,248.53
Argentinas,Bronze,3160,0.532000,148.96,208.54
Argentinas,Bronze,3237,0.767000,214.76,257.71
Argentinas,Bronze,"3393,2567",1.110000,310.80,372.96
Argentinas,Bronze,2920,0.480000,134.40,188.16
Argentinas,Bronze,3335,0.369000,103.32,144.65
Argentinas,Bronze,2556,0.320000,89.60,143.36
Myanmar,Bronze,3001,0.340000,95.20,152.32
Myanmar,Bronze,"2579,3330,3411,3370,3371,3393,3309",0.668000,187.04,261.86
Myanmar,Bronze,3160,0.146000,40.88,73.58
Myanmar,Bronze,3193,0.634000,177.52,248.53
Myanmar,Bronze,3178,0.200000,56.00,89.60
Myanmar,Bronze,3335,0.662000,185.36,259.50
Tunisia,Bronze,"2750,3370,2579,3371,3309,3393,3042,3271",0.584000,163.52,228.93
Tunisia,Bronze,3001,0.340000,95.20,152.32
Tunisia,Bronze,3168,0.400000,112.00,156.80
Timor-Leste,Bronze,3001,0.340000,95.20,152.32
Timor-Leste,Bronze,3160,0.040000,11.20,17.92
Timor-Leste,Bronze,"3370,3042,3271",0.835000,233.80,280.56
Lesotho,Bronze,3001,0.340000,95.20,152.32
Lesotho,Bronze,"2579,3370,3309,3393,3271",0.584000,163.52,228.93
Lesotho,Bronze,3371,0.434000,121.52,170.13
Ecuador,Bronze,"2579,2750,3193,3393,3309,3330,3042,3271",0.584000,163.52,228.93
Ecuador,Bronze,3001,0.340000,95.20,152.32
Ecuador,Bronze,3160,0.354000,99.12,158.59
Ecuador,Bronze,3371,0.434000,121.52,170.13
El Salvador,Bronze,"2750,3193,2260",0.584000,163.52,228.93
El Salvador,Bronze,3001,0.340000,95.20,152.32
El Salvador,Bronze,2920,0.307000,85.96,137.54
Morocco,Bronze,"2750,2579,3330,3370,3042,3271",1.510000,422.80,507.36
Morocco,Bronze,2217,1.421000,397.88,477.46
Morocco,Bronze,3001,0.340000,95.20,152.32
Morocco,Bronze,"3193,3340",0.634000,177.52,248.53
Morocco,Bronze,3160,0.214000,59.92,95.87
Morocco,Bronze,3237,0.279000,78.12,124.99
Morocco,Bronze,"3309,3371,3393",0.404000,113.12,158.37
Morocco,Bronze,2567,1.109000,310.52,372.62
Morocco,Bronze,3335,0.311000,87.08,139.33
Uganda,Bronze,"2750,3193,3309,3393,2579,3042,3271,2377",0.584000,163.52,228.93
Uganda,Bronze,3001,0.340000,95.20,152.32
Malawi,Bronze,"2750,3193,2579,3370,3309,3393,3042,3271",0.584000,163.52,228.93
Malawi,Bronze,3001,0.340000,95.20,152.32
Malawi,Bronze,3371,0.434000,121.52,170.13
Ghana,Bronze,"2750,3193,3160,3330,3370,2579,3309,3393,3042,3271",0.584000,163.52,228.93
Ghana,Bronze,2217,0.556000,155.68,217.95
Ghana,Bronze,3001,0.340000,95.20,152.32
Ghana,Bronze,3371,0.579000,162.12,226.97
Ghana,Bronze,2354,0.354000,99.12,158.59
Ghana,Bronze,3335,0.498000,139.44,195.22
Kenya,Bronze,"2750,2579,3330,3340,3370,3168,3309,3393,3042,3271",0.835000,233.80,280.56
Kenya,Bronze,3001,0.340000,95.20,152.32
Kenya,Bronze,3193,0.634000,177.52,248.53
Kenya,Bronze,2738,0.402000,112.56,157.58
Kenya,Bronze,2263,0.302000,84.56,135.30
Kenya,Bronze,3160,0.450000,126.00,176.40
Kenya,Bronze,3237,0.218000,61.04,97.66
Kenya,Bronze,"2920,3335",0.271000,75.88,121.41
Panama,Bronze,"2750,3193,3042,3271",0.584000,163.52,228.93
Panama,Bronze,3001,0.340000,95.20,152.32
Jamaica,Bronze,3001,0.340000,95.20,152.32
Jamaica,Bronze,"3371,3393,3309,3042,2579,3271",0.584000,163.52,228.93
Venezuela,Bronze,"2579,3370,3371,3393,3309,3042",0.835000,233.80,280.56
Venezuela,Bronze,3001,0.340000,95.20,152.32
Venezuela,Bronze,2750,0.584000,163.52,228.93
Venezuela,Bronze,3193,0.634000,177.52,248.53
Venezuela,Bronze,3335,0.738000,206.64,247.97
Kazakhstan,Bronze,2750,5.526000,1547.28,1856.74
Kazakhstan,Bronze,"2579,2738,3330,3370,2263,3309,3393,3042,3271",10.316000,2888.48,3466.18
Kazakhstan,Bronze,3237,2.706000,757.68,909.22
Kazakhstan,Bronze,3335,3.900000,1092.00,1310.40
Kazakhstan,Bronze,"3421,3371",3.772000,1056.16,1267.39
Kazakhstan,Gold,2377,0.369000,103.32,144.65
Colombia,Gold,2286,0.335000,93.80,150.08
Colombia,Bronze,"2750,2579,3330,3406,3370,3042,3271",1.843000,516.04,619.25
Colombia,Gold,2335,0.399000,111.72,156.41
Colombia,Bronze,3109,0.399000,111.72,156.41
Colombia,Bronze,3193,0.634000,177.52,248.53
Colombia,Gold,"3243,3253",0.300000,84.00,134.40
Colombia,Bronze,3340,1.567000,438.76,526.51
Colombia,Silver,2236,0.222000,62.16,99.46
Paraguay,Bronze,"2750,3193,3160,3371,3393,3309,3418,3042,3328,2579,3271",0.584000,163.52,228.93
Paraguay,Bronze,3001,0.340000,95.20,152.32
Turkey,Bronze,"2579,3406,3370,3330,3160,3393,3309,3042,3271",2.948000,825.44,990.53
Turkey,Bronze,3094,1.597000,447.16,536.59
Turkey,Bronze,3335,1.326000,371.28,445.54
Turkey,Silver,3329,2.305000,645.40,774.48
Turkey,Bronze,3371,2.138000,598.64,718.37
Kyrgyzstan,Bronze,"2750,3330,3371,3393,3309,3042,3271",0.710000,198.80,278.32
Kyrgyzstan,Bronze,3001,0.340000,95.20,152.32
Kyrgyzstan,Bronze,3193,0.634000,177.52,248.53
Kyrgyzstan,Bronze,3109,0.320000,89.60,143.36
Jordan,Bronze,3001,0.340000,95.20,152.32
Jordan,Bronze,"3193,3371,3393,3309,3042,3271",0.584000,163.52,228.93
Cameroon,Bronze,"2750,2579,2739,2738,3330,3370,3042,3271",1.843000,516.04,619.25
Cameroon,Bronze,3001,0.340000,95.20,152.32
Cameroon,Bronze,3109,0.300000,84.00,134.40
Cameroon,Bronze,3193,0.634000,177.52,248.53
Cameroon,Bronze,2263,0.490000,137.20,192.08
Cameroon,Bronze,3237,0.182000,50.96,81.54
Cameroon,Bronze,2567,1.110000,310.80,372.96
Cameroon,Bronze,2354,0.354000,99.12,158.59
Cameroon,Bronze,3335,0.255000,71.40,114.24
Israel,Bronze,"2579,3330,3370,3042,3271",5.883000,1647.24,1976.69
Israel,Bronze,3001,0.340000,95.20,152.32
Israel,Bronze,3237,1.223000,342.44,410.93
Israel,Bronze,2738,4.706000,1317.68,1581.22
Israel,Bronze,2263,4.149000,1161.72,1394.06
Cote d`Ivoire Ivory Coast,Bronze,2750,0.735000,205.80,246.96
Cote d`Ivoire Ivory Coast,Bronze,3001,0.340000,95.20,152.32
Cote d`Ivoire Ivory Coast,Bronze,"3193,3330,3370,2920",1.843000,516.04,619.25
Cote d`Ivoire Ivory Coast,Bronze,3237,1.043000,292.04,350.45
Cote d`Ivoire Ivory Coast,Bronze,2260,2.088000,584.64,701.57
Cote d`Ivoire Ivory Coast,Bronze,3168,0.279000,78.12,124.99
Belarus,Bronze,"2750,3328,3371,3393,3309",0.676000,189.28,264.99
Belarus,Bronze,3001,0.340000,95.20,152.32
Bulgaria,Bronze,2750,1.510000,422.80,507.36
Bulgaria,Bronze,"2263,2738,2579,3370,3371,3309,3393,3042,3271,3168",1.808000,506.24,607.49
Bulgaria,Bronze,3001,0.340000,95.20,152.32
Bulgaria,Bronze,3193,0.634000,177.52,248.53
Bulgaria,Bronze,3237,0.538000,150.64,210.90
Bulgaria,Bronze,2920,0.952000,266.56,319.87
Bulgaria,Bronze,3335,0.780000,218.40,262.08
Libya,Bronze,3001,0.340000,95.20,152.32
Libya,Bronze,2260,1.879000,526.12,631.34
Libya,Bronze,2920,0.370000,103.60,145.04
Mauritius,Bronze,3001,0.340000,95.20,152.32
Mauritius,Bronze,"2579,3370,3371,3309,3393,3042,3271",0.584000,163.52,228.93
Turkmenistan,Bronze,3001,0.340000,95.20,152.32
Turkmenistan,Bronze,"3371,3393,3309,3042,3271",0.584000,163.52,228.93
Azerbaijan,Bronze,"3330,2579,3309,3393,3042,3271",1.003000,280.84,337.01
Azerbaijan,Bronze,3371,0.694000,194.32,272.05
Mali,Bronze,"2750,3370,3371,3309,3393,3042,3271",0.786000,220.08,264.10
Mali,Bronze,2217,0.695000,194.60,272.44
Mali,Bronze,3001,0.340000,95.20,152.32
Mali,Bronze,3193,0.634000,177.52,248.53
Rwanda,Bronze,"2579,3370,3309,3393",0.584000,163.52,228.93
Rwanda,Bronze,3001,0.340000,95.20,152.32
Rwanda,Bronze,3371,0.434000,121.52,170.13
Gabon,Bronze,"2750,3193,3370,3371,3309,3393,3042,3271",0.584000,163.52,228.93
Gabon,Bronze,3001,0.340000,95.20,152.32
Sudan,Bronze,"2750,3193,3371,3309,3393,3042,3271",0.584000,163.52,228.93
Sudan,Bronze,3001,0.340000,95.20,152.32
Sudan,Bronze,3168,0.280000,78.40,125.44
Spain,Bronze,"2750,2579,3330,3309,3042,3271",7.369000,2063.32,2475.98
Spain,Bronze,"2263,3393",4.263000,1193.64,1432.37
Spain,Bronze,2738,6.392000,1789.76,2147.71
Spain,Bronze,3329,5.962000,1669.36,2003.23
Spain,Bronze,3109,1.864000,521.92,626.30
Spain,Bronze,3371,5.740000,1607.20,1928.64
Nicaragua,Bronze,"2750,3193,3370,3371,3393,3309,3042,2579,3271",0.584000,163.52,228.93
Nicaragua,Bronze,3001,0.340000,95.20,152.32
"Moldova, Republic of",Bronze,"2579,2260",2.667000,746.76,896.11
"Moldova, Republic of",Bronze,3237,0.532000,148.96,208.54
"Moldova, Republic of",Bronze,2738,0.676000,189.28,264.99
"Moldova, Republic of",Bronze,"3370,3330",2.353000,658.84,790.61
"Moldova, Republic of",Bronze,"2920,3418",0.739000,206.92,248.30
"Moldova, Republic of",Bronze,3335,0.663000,185.64,259.90
"Moldova, Republic of",Bronze,3239,0.254000,71.12,113.79
Saudi Arabia,Gold,2377,0.288000,80.64,220.90
Saudi Arabia,Bronze,3160,1.103000,308.84,370.61
Saudi Arabia,Bronze,3193,0.634000,177.52,240.90
Benin,Bronze,"2750,3193,3371,2579,3309,3393,3042,3271",0.584000,163.52,228.93
Benin,Bronze,3001,0.340000,95.20,152.32
Costa Rica,Bronze,3001,0.340000,95.20,152.32
Costa Rica,Bronze,"2579,3042,3271",0.584000,163.52,228.93
Burkina Faso,Bronze,"2750,2579,3193,3370,3042,3271",0.719000,201.32,241.58
Burkina Faso,Bronze,2217,0.635000,177.80,248.92
Burkina Faso,Bronze,3001,0.340000,95.20,152.32
Burkina Faso,Bronze,2354,0.354000,99.12,158.59
Belgium,Bronze,3309,11.765000,3294.20,3953.04
Belgium,Bronze,2750,5.526000,1547.28,1856.74
Belgium,Bronze,3371,7.648000,2141.44,2569.73
Reunion,Bronze,3001,0.340000,95.20,152.32
Reunion,Bronze,"2579,3371,3393,3309",0.584000,163.52,228.93
Oman,Bronze,"3042,3271",0.902000,252.56,303.07
Congo,Bronze,3001,0.340000,95.20,152.32
Congo,Bronze,"3371,3393,3309,3421,3271",0.584000,163.52,228.93
Yemen,Bronze,3001,0.340000,95.20,152.32
Yemen,Bronze,3193,0.634000,177.52,248.53
Yemen,Gold,2377,0.112000,31.36,56.45
Yemen,Bronze,"3330,3371,3393,3309",0.902000,252.56,303.07
Uruguay,Bronze,"2579,3393,3309,3042,3271",1.843000,516.04,619.25
Uruguay,Bronze,3001,0.340000,95.20,152.32
Uruguay,Bronze,3371,0.701000,196.28,274.79
Iraq,Bronze,2217,0.479000,134.12,187.77
Iraq,Bronze,3001,0.340000,95.20,152.32
Iraq,Bronze,3193,0.634000,177.52,248.53
Iraq,Bronze,"3370,3330,2579,3371,3393,3309,3042",0.902000,252.56,303.07
Iraq,Bronze,2920,0.571000,159.88,223.83
Iraq,Bronze,3168,0.300000,84.00,134.40
Iraq,Bronze,"3421,3328",0.850000,238.00,285.60
Iraq,Bronze,3178,0.135000,37.80,68.04
Iraq,Bronze,3335,0.892000,249.76,299.71
Senegal,Bronze,"2750,3193,2579,3371,3309,3393,3042,3271",0.584000,163.52,228.93
Senegal,Bronze,3001,0.340000,95.20,152.32
Germany,Bronze,2750,7.369000,2063.32,2475.98
Germany,Bronze,2263,4.102000,1148.56,1378.27
Germany,Bronze,2738,4.288000,1200.64,1440.77
Germany,Bronze,"2579,2442,3330,3370,3042,3271",9.412000,2635.36,3162.43
Germany,Bronze,"3193,3393,3418,3314",5.305000,1485.40,1782.48
Germany,Bronze,"3160,3309",1.250000,350.00,420.00
Germany,Bronze,3329,2.053000,574.84,689.81
Germany,Bronze,3394,3.920000,1097.60,1317.12
Germany,Bronze,3371,2.545000,712.60,855.12
Germany,Bronze,2865,4.076000,1141.28,1369.54
Lao People`s,Bronze,2217,0.695000,194.60,272.44
Lao People`s,Bronze,3001,0.340000,95.20,152.32
Lao People`s,Bronze,"2579,3330,2260,3411,3421",0.768000,215.04,258.05
Lao People`s,Bronze,"3193,3418",0.634000,177.52,248.53
Lao People`s,Bronze,3335,0.738000,206.64,247.97
Poland,Bronze,2263,2.059000,576.52,691.82
Poland,Bronze,"2295,3087",1.507000,421.96,506.35
Poland,Bronze,2738,2.471000,691.88,830.26
Poland,Bronze,"2579,3330,3370,3393,3042,3271",4.706000,1317.68,1581.22
Poland,Bronze,2217,0.984000,275.52,330.62
Poland,Bronze,3001,0.340000,95.20,152.32
Poland,Bronze,2739,1.476000,413.28,495.94
Poland,Bronze,3109,0.762000,213.36,256.03
Poland,Bronze,"3328,3418",1.331000,372.68,447.22
Poland,Bronze,3237,0.619000,173.32,242.65
Poland,Bronze,3094,0.731000,204.68,245.62
Poland,Bronze,3309,1.248000,349.44,419.33
Poland,Bronze,3335,0.823000,230.44,276.53
Poland,Bronze,2284,0.864000,241.92,290.30
Poland,Bronze,3248,2.353000,658.84,790.61
Togo,Bronze,"2750,2579,3193,3160,3370,3371,3309,3393,3042",0.584000,163.52,228.93
Togo,Bronze,3001,0.340000,95.20,152.32
Togo,Bronze,3168,0.507000,141.96,198.74
Niger,Bronze,3001,0.340000,95.20,152.32
Niger,Bronze,"3370,3371,3309,3393,3271",0.584000,163.52,228.93
Syrian Arab Republic,Bronze,3001,0.340000,95.20,152.32
Syrian Arab Republic,Bronze,3168,0.540000,151.20,211.68
Hungary,Bronze,"2750,2579,2567,3393",9.210000,2578.80,3094.56
Hungary,Bronze,3001,0.340000,95.20,152.32
Hungary,Bronze,3193,0.634000,177.52,248.53
Hungary,Bronze,3309,5.471000,1531.88,1838.26
Hungary,Bronze,3237,4.313000,1207.64,1449.17
Hungary,Bronze,3335,3.442000,963.76,1156.51
Bhutan,Bronze,3001,0.340000,95.20,152.32
Bhutan,Bronze,"3411,3370,3371,3309,3393,3042,3271",0.584000,163.52,228.93
Bhutan,Bronze,2920,0.222000,62.16,99.46
Burundi,Bronze,"2750,3193,3370,2579,3371,3309,3393,3042,3271",0.584000,163.52,228.93
Burundi,Bronze,3001,0.340000,95.20,152.32
Malaysia,Bronze,"2579,3393,3309,3421,3271",2.942000,823.76,988.51
Malaysia,Bronze,2217,0.826000,231.28,277.54
Malaysia,Bronze,2354,0.354000,99.12,158.59
Malaysia,Bronze,3193,0.634000,177.52,248.53
Netherlands,Bronze,2750,1.916000,536.48,643.78
Netherlands,Bronze,2263,1.608000,450.24,540.29
Netherlands,Bronze,2295,2.059000,576.52,691.82
Netherlands,Bronze,2738,2.651000,742.28,890.74
Netherlands,Bronze,2217,3.470000,971.60,1165.92
Netherlands,Bronze,2739,1.510000,422.80,507.36
Netherlands,Bronze,3109,1.224000,342.72,411.26
Netherlands,Bronze,2442,1.990000,557.20,668.64
Netherlands,Bronze,3160,1.125000,315.00,378.00
Netherlands,Bronze,"2579,3330,3329,3309,3042,3271",3.671000,1027.88,1233.46
Netherlands,Silver,3198,1.058000,296.24,355.49
Netherlands,Bronze,3237,0.910000,254.80,305.76
Netherlands,Bronze,2567,2.753000,770.84,925.01
Netherlands,Bronze,3087,2.942000,823.76,988.51
Netherlands,Bronze,3394,3.604000,1009.12,1210.94
Netherlands,Bronze,3418,2.230000,624.40,749.28
Netherlands,Bronze,3328,2.186000,612.08,734.50
Netherlands,Bronze,3433,1.942000,543.76,652.51
Netherlands,Bronze,3371,2.238000,626.64,751.97
Netherlands,Bronze,3393,1.639000,458.92,550.70
Netherlands,Bronze,3314,1.120000,313.60,376.32
Equatorial Guinea,Bronze,3001,0.340000,95.20,152.32
Equatorial Guinea,Bronze,"3370,3042,3271",0.584000,163.52,228.93
United Arab Emirates,Bronze,3328,3.589000,1004.92,1205.90
United Arab Emirates,Bronze,3418,5.312000,1487.36,1784.83
Trinidad and Tobago,Bronze,3001,0.340000,95.20,152.32
Trinidad and Tobago,Bronze,3370,0.584000,163.52,228.93
Cambodia,Bronze,"2750,2579,3160,3330,3411,3370,3393,3309,3042,3271",1.510000,422.80,507.36
Cambodia,Bronze,3001,0.340000,95.20,152.32
Cambodia,Bronze,3193,0.634000,177.52,248.53
Cambodia,Bronze,"3335,3421",0.520000,145.60,203.84
Cambodia,Bronze,3237,0.353000,98.84,158.14
Cambodia,Bronze,3168,0.551000,154.28,215.99
Cambodia,Bronze,3371,0.867000,242.76,291.31
South Sudan,Bronze,3001,0.340000,95.20,152.32
South Sudan,Bronze,"2579,3370,3042,3271",0.584000,163.52,228.93
South Sudan,Bronze,2920,0.268000,75.04,120.06
Mauritania,Bronze,"2750,3193,2579,3370,3309,3393",0.584000,163.52,228.93
Mauritania,Bronze,3001,0.340000,95.20,152.32
Mauritania,Bronze,3371,0.434000,121.52,170.13
Mauritania,Bronze,3178,0.268000,75.04,120.06
China,Bronze,"3193,3371,3393,3309",0.584000,163.52,228.93
Kuwait,Bronze,2579,6.667000,1866.76,2240.11
Kuwait,Bronze,"3371,3393,3271",5.883000,1647.24,1976.69
Guinea-Bissau,Bronze,"2750,2579,3042,3271",0.584000,163.52,228.93
Guinea-Bissau,Bronze,3001,0.340000,95.20,152.32
Maldives,Bronze,3001,0.340000,95.20,152.32
Maldives,Bronze,"3160,3371,3393,3309,3042,3271",0.584000,163.52,228.93
Portugal,Bronze,"2750,2579,2738,3370,3433,3330,3271",3.869000,1083.32,1299.98
Portugal,Bronze,2442,1.925000,539.00,646.80
Portugal,Bronze,2263,2.979000,834.12,1000.94
Portugal,Bronze,2739,1.805000,505.40,606.48
Portugal,Bronze,3193,0.634000,177.52,248.53
Portugal,Bronze,3094,1.287000,360.36,432.43
Portugal,Bronze,"3309,3371,3335",1.344000,376.32,451.58
Portugal,Bronze,"3329,2567,3087",2.353000,658.84,790.61
Portugal,Bronze,"3314,3393,3340",1.619000,453.32,543.98
Portugal,Bronze,3160,1.804000,505.12,606.14
Portugal,Bronze,3132,0.432000,120.96,169.34
Portugal,Bronze,3407,0.307000,85.96,137.54
Bosnia and Herzegovina,Bronze,"2750,3193,2260",0.584000,163.52,228.93
Bosnia and Herzegovina,Bronze,3001,0.340000,95.20,152.32
Somalia,Bronze,3001,0.340000,95.20,152.32
Somalia,Bronze,"3370,3371,3393,3309,3421,3042,3271",0.584000,163.52,228.93
Barbados,Bronze,3001,0.340000,95.20,152.32
Barbados,Bronze,"2579,3393,3309,3042,3271",0.584000,163.52,228.93
Barbados,Bronze,3371,0.434000,121.52,170.13
Martinique,Bronze,3001,0.340000,95.20,152.32
Dominican Republic,Bronze,"2750,2260",0.668000,187.04,261.86
Dominican Republic,Bronze,3001,0.340000,95.20,152.32
Dominican Republic,Bronze,2920,0.268000,75.04,120.06
Gambia,Bronze,"2750,2579,3193,3330,3370,3371,3309,3393,3042,3271",0.584000,163.52,228.93
Gambia,Bronze,3001,0.340000,95.20,152.32
Afghanistan,Bronze,2217,1.285000,359.80,431.76
Afghanistan,Bronze,3001,0.340000,95.20,152.32
Afghanistan,Bronze,3193,0.634000,177.52,248.53
Afghanistan,Bronze,"3160,2579,3370,3309,3393,3330,3042,3271",1.510000,422.80,507.36
Afghanistan,Gold,2377,0.093000,26.04,46.87
Afghanistan,Bronze,2354,0.354000,99.12,158.59
Afghanistan,Bronze,3371,0.694000,194.32,272.05
Armenia,Bronze,"2750,3193,3371,3309,3393",0.584000,163.52,228.93
Armenia,Bronze,3001,0.340000,95.20,152.32
Guyana,Bronze,3001,0.340000,95.20,152.32
Guyana,Bronze,"3370,3371,3393,3309,2579,3042,3271",0.584000,163.52,228.93
Chad,Bronze,"2750,3193,3330,3370,3371,3309,3393,3042,3271",0.584000,163.52,228.93
Chad,Bronze,3001,0.340000,95.20,152.32
Switzerland,Bronze,"2750,3160,2579,3371,3309,3330,3329,2442,3271",4.790000,1341.20,1609.44
Switzerland,Bronze,3193,0.634000,177.52,248.53
Puerto Rico,Bronze,2579,1.334000,373.52,448.22
Puerto Rico,Bronze,3001,0.340000,95.20,152.32
Puerto Rico,Bronze,3370,1.250000,350.00,420.00
Ireland,Bronze,"2750,2579,3330,3371,3309,3393,3042,3271",7.369000,2063.32,2475.98
Ireland,Bronze,3001,0.340000,95.20,152.32
Ireland,Bronze,3160,0.882000,246.96,296.35
Ireland,Bronze,3193,0.634000,177.52,248.53
Ireland,Bronze,"2738,3329",4.644000,1300.32,1560.38
Ireland,Bronze,2263,4.131000,1156.68,1388.02
Ireland,Bronze,3335,3.633000,1017.24,1220.69
Serbia,Bronze,3001,0.340000,95.20,152.32
Serbia,Bronze,3193,0.634000,177.52,248.53
Serbia,Bronze,"3371,3393,3309,3042,3271",0.752000,210.56,252.67
Serbia,Bronze,2920,0.307000,85.96,137.54
Estonia,Bronze,"2750,2579,3330,3042,3168,3271",1.769000,495.32,594.38
Estonia,Bronze,3001,0.340000,95.20,152.32
Estonia,Bronze,3193,0.634000,177.52,248.53
Estonia,Bronze,2291,0.822000,230.16,276.19
Estonia,Bronze,"3309,3393",0.707000,197.96,277.14
Estonia,Bronze,2738,1.692000,473.76,568.51
Estonia,Bronze,2920,0.571000,159.88,223.83
Estonia,Bronze,3335,0.516000,144.48,202.27
Czech Republic,Bronze,2750,3.316000,928.48,1114.18
Czech Republic,Bronze,2263,2.353000,658.84,790.61
Czech Republic,Bronze,2738,2.824000,790.72,948.86
Czech Republic,Bronze,"2579,3160,2260,3393,3370,3418,3330",8.471000,2371.88,2846.26
Czech Republic,Bronze,3001,0.340000,95.20,152.32
Czech Republic,Bronze,3193,0.634000,177.52,248.53
Czech Republic,Bronze,"2291,3309,3371",1.511000,423.08,507.70
Czech Republic,Bronze,3237,1.270000,355.60,426.72
Czech Republic,Bronze,2567,5.492000,1537.76,1845.31
Czech Republic,Bronze,2739,1.687000,472.36,566.83
Czech Republic,Bronze,3087,1.747000,489.16,586.99
Czech Republic,Bronze,3335,1.951000,546.28,655.54
Czech Republic,Bronze,2920,0.571000,159.88,223.83
Guadeloupe,Bronze,3001,0.340000,95.20,152.32
Guadeloupe,Bronze,"3371,3393,3309",0.584000,163.52,228.93
Norway,Bronze,3001,0.340000,95.20,152.32
Norway,Bronze,"2750,3193,3371,3393,3309,3042,3271",0.631000,176.68,247.35
Norway,Bronze,2920,0.620000,173.60,243.04
Norway,Bronze,3168,0.451000,126.28,176.79
Italy,Bronze,"2750,3042",7.958000,2228.24,2673.89
Italy,Bronze,2263,7.059000,1976.52,2371.82
Italy,Bronze,2738,7.172000,2008.16,2409.79
Italy,Bronze,"2579,3370,3266,3309,3330,3271",11.765000,3294.20,3953.04
Italy,Bronze,3160,1.808000,506.24,607.49
Italy,Bronze,"3393,3414",5.475000,1533.00,1839.60
Italy,Bronze,3329,6.946000,1944.88,2333.86
Italy,Bronze,3406,2.353000,658.84,790.61
Italy,Bronze,"3418,3421",7.642000,2139.76,2567.71
Italy,Bronze,"3371,3335",3.251000,910.28,1092.34
Italy,Bronze,2739,6.157000,1723.96,2068.75
Italy,Bronze,3304,4.453000,1246.84,1496.21
Romania,Bronze,"2750,2579,3330,2567,3370,3042,3271",2.395000,670.60,804.72
Romania,Bronze,3109,1.278000,357.84,429.41
Romania,Bronze,3001,0.340000,95.20,152.32
Romania,Bronze,2738,1.808000,506.24,607.49
Romania,Bronze,3193,0.634000,177.52,248.53
Romania,Bronze,3160,1.004000,281.12,337.34
Romania,Bronze,"2263,3328",1.507000,421.96,506.35
Romania,Bronze,3237,0.816000,228.48,274.18
Romania,Silver,2739,1.094000,306.32,367.58
Romania,Bronze,"3393,3309",1.180000,330.40,396.48
Romania,Bronze,3335,0.659000,184.52,258.33
Cyprus,Bronze,"2750,2579,3370,3309,3042,3271",2.948000,825.44,990.53
Cyprus,Bronze,3001,0.340000,95.20,152.32
Cyprus,Bronze,3193,0.634000,177.52,248.53
Cyprus,Bronze,3371,1.400000,392.00,470.40
Cyprus,Bronze,3393,1.217000,340.76,408.91
Cyprus,Bronze,3328,2.276000,637.28,764.74
Luxembourg,Bronze,"2750,3193,3309,3371",0.584000,163.52,228.93
Luxembourg,Bronze,3001,0.340000,95.20,152.32
Suriname,Bronze,3001,0.340000,95.20,152.32
Suriname,Bronze,"3370,3371,3393,3309,2579,3042",0.584000,163.52,228.93
Guatemala,Bronze,3001,0.340000,95.20,152.32
Guatemala,Bronze,2920,0.342000,95.76,153.22
Guatemala,Bronze,"3371,3393,3309,3042",0.584000,163.52,228.93
Guatemala,Bronze,3421,0.271000,75.88,121.41
Madagascar,Bronze,"2579,3309,3393,3042,3271",0.786000,220.08,264.10
Madagascar,Bronze,2217,0.695000,194.60,272.44
Madagascar,Bronze,3001,0.340000,95.20,152.32
Madagascar,Bronze,3109,0.262000,73.36,117.38
Madagascar,Bronze,3371,0.486000,136.08,190.51
Sweden,Bronze,"2750,2579,3330,3370,3314,3393,3309,3042,3271",3.684000,1031.52,1237.82
Sweden,Bronze,2738,2.542000,711.76,854.11
Sweden,Bronze,3087,1.567000,438.76,526.51
Antigua and Barbuda,Bronze,3001,0.340000,95.20,152.32
Djibouti,Bronze,3001,0.340000,95.20,152.32
Djibouti,Bronze,"2579,3371,3309,3393,3042,3271",0.584000,163.52,228.93
Finland,Bronze,"2750,2579,3393,3309,3330,3168",2.653000,742.84,891.41
Finland,Bronze,3001,0.340000,95.20,152.32
Finland,Bronze,3193,0.634000,177.52,248.53
Finland,Bronze,3371,1.334000,373.52,448.22
Finland,Bronze,3328,2.177000,609.56,731.47
Finland,Bronze,3418,2.226000,623.28,747.94
Finland,Bronze,3237,1.284000,359.52,431.42
French Guiana,Bronze,3001,0.340000,95.20,152.32
Saint Lucia,Bronze,3001,0.340000,95.20,152.32
Saint Lucia,Bronze,2579,0.584000,163.52,228.93
Montenegro,Bronze,3001,0.340000,95.20,152.32
Montenegro,Bronze,"3371,3393,3042,3271",0.584000,163.52,228.93
Cuba,Bronze,"2750,3160,3371,3393,3309,3042,3271",0.584000,163.52,228.93
Cuba,Bronze,3001,0.340000,95.20,152.32
Greece,Bronze,"2750,2579,3160,3370,3330,3042,3271",5.305000,1485.40,1782.48
Greece,Bronze,2263,1.507000,421.96,506.35
Greece,Bronze,"2738,3393",1.808000,506.24,607.49
Greece,Bronze,3001,0.340000,95.20,152.32
Greece,Bronze,3193,0.634000,177.52,248.53
Greece,Bronze,3109,0.450000,126.00,176.40
Greece,Bronze,3237,0.323000,90.44,144.70
Greece,Bronze,"3309,3335",0.369000,103.32,144.65
Greece,Bronze,2920,0.518000,145.04,203.06
Greece,Bronze,3418,0.506000,141.68,198.35
Greece,Bronze,3328,0.745000,208.60,250.32
Chile,Bronze,"2750,2579,3370,3309,3393,3330,3042,3271",1.510000,422.80,507.36
Chile,Bronze,2217,0.479000,134.12,187.77
Chile,Bronze,3001,0.340000,95.20,152.32
Chile,Bronze,3109,0.498000,139.44,195.22
Chile,Bronze,3160,0.347000,97.16,155.46
Chile,Bronze,3193,0.634000,177.52,248.53
Chile,Bronze,3371,0.422000,118.16,165.42
Chile,Bronze,3350,0.214000,59.92,95.87
Chile,Bronze,3335,0.295000,82.60,132.16
Chile,Bronze,2974,0.187000,52.36,83.78
Georgia,Bronze,"2750,2579,3393,3370,3371,3330,3418,3042,3271",1.510000,422.80,507.36
Georgia,Bronze,3001,0.340000,95.20,152.32
Georgia,Bronze,3193,0.634000,177.52,248.53
Georgia,Bronze,"3309,3335,3421",0.824000,230.72,276.86
Georgia,Bronze,3237,0.652000,182.56,255.58
Georgia,Bronze,2263,1.250000,350.00,420.00
Georgia,Bronze,2738,1.446000,404.88,485.86
Sierra Leone,Bronze,"2750,3193,3160,3370,3330,3042,3271",0.584000,163.52,228.93
Sierra Leone,Bronze,3001,0.340000,95.20,152.32
Bahamas,Bronze,3001,0.340000,95.20,152.32
Bahamas,Bronze,"2579,3393,3309,3271",0.584000,163.52,228.93
Bahamas,Bronze,3371,0.434000,121.52,170.13
Bolivia,Bronze,"2750,3193,3371,3393,3309,3042,3271",0.584000,163.52,228.93
Bolivia,Bronze,3001,0.340000,95.20,152.32
Grenada,Bronze,3001,0.340000,95.20,152.32
Grenada,Bronze,"2579,3393,3309,3042,3271",0.584000,163.52,228.93
Grenada,Bronze,3371,0.434000,121.52,170.13
Latvia,Bronze,"2750,2579,3330,3340,3393,3370,3042",1.698000,475.44,570.53
Latvia,Bronze,3001,0.340000,95.20,152.32
Latvia,Bronze,3193,0.634000,177.52,248.53
Latvia,Bronze,"3309,3335",1.332000,372.96,447.55
Latvia,Bronze,3237,1.547000,433.16,519.79
Tajikistan,Bronze,3001,0.340000,95.20,152.32
Tajikistan,Bronze,"2579,3370,3371,3309,3393,3330,3042,3271",0.652000,182.56,255.58
Tajikistan,Bronze,3193,0.634000,177.52,248.53
Tajikistan,Bronze,3168,0.427000,119.56,167.38
Brunei Darussalam,Bronze,3001,0.340000,95.20,152.32
Brunei Darussalam,Bronze,2579,0.584000,163.52,228.93
Brunei Darussalam,Bronze,3371,0.351000,98.28,157.25
Cayman islands,Bronze,3001,0.340000,95.20,152.32
Cayman islands,Bronze,"2579,3042,3271",0.584000,163.52,228.93
Saint Vincent,Bronze,3001,0.340000,95.20,152.32
Albania,Bronze,3001,0.340000,95.20,152.32
Albania,Bronze,"3371,3393",0.584000,163.52,228.93
Slovenia,Bronze,3001,0.340000,95.20,152.32
Slovenia,Bronze,"2750,3160,3330,2579,3370,3371,3393",1.284000,359.52,431.42
Slovenia,Bronze,3193,0.634000,177.52,248.53
Slovenia,Bronze,3309,1.219000,341.32,409.58
Slovenia,Bronze,2920,0.675000,189.00,264.60
Hong Kong,Bronze,"2750,2579,3330,3370,3042,3271",2.064000,577.92,693.50
Hong Kong,Bronze,2318,0.462000,129.36,181.10
Hong Kong,Bronze,2217,0.787000,220.36,264.43
Hong Kong,Bronze,3001,0.340000,95.20,152.32
Hong Kong,Bronze,3193,0.634000,177.52,248.53
Hong Kong,Bronze,3328,0.546000,152.88,214.03
Saint Kitts and Nevis,Bronze,3001,0.340000,95.20,152.32
Saint Kitts and Nevis,Bronze,3370,0.584000,163.52,228.93
Taiwan,Bronze,3001,0.340000,95.20,152.32
Taiwan,Bronze,3193,0.634000,177.52,248.53
Taiwan,Bronze,"3371,3309",0.902000,252.56,303.07
Lithuania,Bronze,"2750,3309,3330,2579,3371,3393,3042,3271",2.211000,619.08,742.90
Lithuania,Bronze,3001,0.340000,95.20,152.32
Lithuania,Bronze,3193,0.634000,177.52,248.53
Lithuania,Bronze,3237,1.772000,496.16,595.39
Lithuania,Bronze,2920,0.898000,251.44,301.73
Central African Republic,Bronze,3001,0.340000,95.20,152.32
Central African Republic,Bronze,3168,0.306000,85.68,137.09
Liberia,Bronze,2750,0.584000,163.52,228.93
Liberia,Bronze,"2579,3370,3309,3393,3271",1.097000,307.16,368.59
Liberia,Bronze,3001,0.340000,95.20,152.32
Liberia,Bronze,3109,0.320000,89.60,143.36
Liberia,Bronze,3193,0.634000,177.52,248.53
Liberia,Bronze,3160,0.276000,77.28,123.65
Liberia,Bronze,3335,0.738000,206.64,247.97
Liberia,Bronze,3371,0.710000,198.80,278.32
Liberia,Bronze,3042,1.170000,327.60,393.12
Japan,Bronze,"2750,3370,3428,3371,3393,3042",29.471000,8251.88,9902.26
Japan,Bronze,2217,1.463000,409.64,491.57
Japan,Bronze,3001,0.340000,95.20,152.32
Japan,Bronze,3109,1.784000,499.52,599.42
Japan,Bronze,2567,14.118000,3953.04,4743.65
Japan,Bronze,"3160,3421",1.125000,315.00,378.00
Japan,Bronze,3436,5.048000,1413.44,1696.13
Guinea,Bronze,"2750,3193,3371,3309,3393,3042,3271",0.584000,163.52,228.93
Guinea,Bronze,3001,0.340000,95.20,152.32
Guinea,Bronze,2354,0.354000,99.12,158.59
Aruba,Bronze,3001,0.340000,95.20,152.32
Aruba,Bronze,"3371,3393,3309",0.584000,163.52,228.93
Comoros,Bronze,3001,0.340000,95.20,152.32
Comoros,Bronze,"2579,3371,3309,3393,3042,3271",0.835000,233.80,280.56
Malta,Bronze,3001,0.340000,95.20,152.32
Malta,Bronze,"2750,3371,3393,3309,3042",0.584000,163.52,228.93
Samoa,Bronze,"3411,3371",0.584000,163.52,228.93
Singapore,Bronze,"2750,2579,3193,3370,3371,3309,3042,3271",58.942000,16503.76,19804.51
Singapore,Bronze,2920,11.410000,3194.80,3833.76
Slovakia,Bronze,2579,9.334000,2613.52,3136.22
Slovakia,Bronze,3001,0.340000,95.20,152.32
Slovakia,Bronze,2750,1.047000,293.16,351.79
Slovakia,Bronze,3193,0.634000,177.52,248.53
Slovakia,Bronze,"3371,3271",8.236000,2306.08,2767.30
Anguilla,Bronze,3001,0.340000,95.20,152.32
Anguilla,Bronze,3371,0.467000,130.76,183.06
Anguilla,Bronze,"3393,3309,3042,3271",1.258000,352.24,422.69
Sao Tome and Principe,Bronze,3001,0.340000,95.20,152.32
Sao Tome and Principe,Bronze,"2579,3370,3042,3271",0.584000,163.52,228.93
Fiji,Bronze,3001,0.340000,95.20,152.32
Fiji,Bronze,"2579,3370,3393,3309,3042,3271",0.584000,163.52,228.93
Fiji,Bronze,3371,0.420000,117.60,164.64
Palestine,Bronze,"2579,3393,3309,3168,3042",0.668000,187.04,261.86
Palestine,Bronze,3335,0.200000,56.00,89.60
Palestine,Bronze,3371,0.224000,62.72,100.35
Croatia,Bronze,2750,3.095000,866.60,1039.92
Croatia,Bronze,"2579,3330,3371,3309,3393,3042,3271",4.118000,1153.04,1383.65
Croatia,Bronze,3001,0.340000,95.20,152.32
Croatia,Bronze,3193,0.634000,177.52,248.53
Croatia,Bronze,3237,3.203000,896.84,1076.21
Croatia,Bronze,3335,2.211000,619.08,742.90
Croatia,Bronze,2920,0.898000,251.44,301.73
Cape Verde,Bronze,3001,0.340000,95.20,152.32
Cape Verde,Bronze,2579,0.584000,163.52,228.93
Cape Verde,Bronze,2354,0.354000,99.12,158.59
Monaco,Bronze,"2750,2579,3393,3309,3042,3271",1.698000,475.44,570.53
Monaco,Bronze,3001,0.340000,95.20,152.32
Monaco,Bronze,3193,0.634000,177.52,248.53
Monaco,Bronze,3371,0.631000,176.68,247.35
Macedonia,Bronze,"2750,3193",0.584000,163.52,228.93
Macedonia,Bronze,3001,0.340000,95.20,152.32
Belize,Bronze,3001,0.340000,95.20,152.32
Belize,Bronze,"2579,3370,3393,3309,3042,3271",0.584000,163.52,228.93
Belize,Bronze,3371,0.434000,121.52,170.13
New Caledonia,Bronze,3001,0.340000,95.20,152.32
New Zealand,Bronze,"2750,2579,3370,3330,3042,3271",55.258000,15472.24,18566.69
New Zealand,Bronze,3160,1.434000,401.52,481.82
New Zealand,Bronze,3237,1.137000,318.36,382.03
New Zealand,Bronze,2920,0.307000,85.96,137.54
New Zealand,Bronze,3335,1.456000,407.68,489.22
Mongolia,Bronze,3001,0.340000,95.20,152.32
Mongolia,Bronze,"2579,3370,3393,3309,3042,3271",1.003000,280.84,337.01
Mongolia,Bronze,3193,0.634000,177.52,248.53
Mongolia,Bronze,3160,0.534000,149.52,209.33
Mongolia,Bronze,2920,0.307000,85.96,137.54
Mongolia,Bronze,3371,0.520000,145.60,203.84
Mongolia,Bronze,3335,0.443000,124.04,173.66
Lebanon,Bronze,"2750,3371,3393,3042,3271",0.584000,163.52,228.93
Lebanon,Bronze,3168,0.475000,133.00,186.20
Denmark,Bronze,"2750,2579,2738,2567,3370,3393,3309,3330,3042,3271",2.948000,825.44,990.53
Denmark,Bronze,2263,2.845000,796.60,955.92
Denmark,Bronze,3193,0.634000,177.52,248.53
Denmark,Bronze,3237,1.733000,485.24,582.29
Denmark,Bronze,3371,1.989000,556.92,668.30
Austria,Bronze,"2750,2579,3330,3370,3309,3393,3042,3271",12.157000,3403.96,4084.75
Austria,Bronze,3001,0.340000,95.20,152.32
Austria,Bronze,2738,7.690000,2153.20,2583.84
Austria,Bronze,3193,0.634000,177.52,248.53
Austria,Bronze,3109,3.579000,1002.12,1202.54
Austria,Bronze,"3329,3371",3.336000,934.08,1120.90
Austria,Bronze,3160,1.233000,345.24,414.29
Austria,Bronze,2567,9.118000,2553.04,3063.65
Austria,Bronze,3335,2.301000,644.28,773.14
Austria,Bronze,2263,7.158000,2004.24,2405.09
Seychelles,Bronze,3001,0.340000,95.20,152.32
Seychelles,Bronze,"2579,3370,3371,3309,3393,3042,3271",0.584000,163.52,228.93
Australia,Bronze,"2750,2579,3160,3370,3428,3309,3393,3330,3042",73.677000,20629.56,24755.47
Australia,Bronze,2442,2.112000,591.36,709.63
Australia,Bronze,3193,12.883000,3607.24,4328.69
Australia,Bronze,3109,0.734000,205.52,246.62
Australia,Bronze,3237,2.301000,644.28,773.14
Australia,Bronze,3371,8.706000,2437.68,2925.22
Montserrat,Bronze,3001,0.340000,95.20,152.32
Montserrat,Bronze,"3371,3393,3309",0.584000,163.52,228.93
Dominica,Bronze,3001,0.340000,95.20,152.32
Dominica,Bronze,"2579,3370,3393,3309",0.584000,163.52,228.93
Dominica,Bronze,3371,0.434000,121.52,170.13
Korea,Bronze,3001,0.340000,95.20,152.32
Macau,Bronze,2217,0.688000,192.64,269.70
Macau,Bronze,3001,0.340000,95.20,152.32
Macau,Bronze,3371,0.919000,257.32,308.78
Iceland,Bronze,3001,0.340000,95.20,152.32
Iceland,Bronze,"3371,3393,3309,3042,3271",0.584000,163.52,228.93
Eritrea,Bronze,3001,0.340000,95.20,152.32
Eritrea,Bronze,"2579,3371,3309,3393,3042,3271",1.044000,292.32,350.78
Bermuda,Bronze,3001,0.340000,95.20,152.32
Kosovo,Bronze,"3370,3371,3393,3309,3042,3271",0.835000,233.80,280.56
Kosovo,Bronze,3168,0.118000,33.04,59.47
Liechtenstein,Bronze,3001,0.340000,95.20,152.32
Liechtenstein,Bronze,3370,2.353000,658.84,790.61
Sint Maarten,Bronze,3001,0.340000,95.20,152.32
Gibraltar,Bronze,"2750,3370,2579,3371,3309",21.235000,5945.80,7134.96
